file_id|series_id|slug_title|title
zmisc|GYWE4X28Y|07-ghost|07 Ghost
zmisc|GYE5X75GR|11eyes|11eyes
zmisc|G8DHV7854|16bit-sensation-another-layer|16bit Sensation: Another Layer
zmisc|GR4949ZQ6|18if|18if
zmisc|G6P545WQ6|227-nanabun-no-nijyuuni|22/7 (nanabun no nijyuuni)
zmisc|G1XHJVEZ1|243-seiin-high-school-boys-volleyball-team|2.43: Seiin High School Boys Volleyball Team
zmisc|G4PH0WJGQ|7th-time-loop-the-villainess-enjoys-a-carefree-life-married-to-her-worst-enemy|7th Time Loop: The Villainess Enjoys a Carefree Life Married to Her Worst Enemy!
zmisc|GVDHX8DM5|86-eighty-six|86 EIGHTY-SIX
zmisc|GRE5K3NQ6|91-days|91 Days
a|GRX0JQ4K6|a-bridge-to-the-starry-skies---hoshizora-e-kakaru-hashi|A Bridge to the Starry Skies - Hoshizora e Kakaru Hashi
a|GYNQZV50Y|a-centaurs-life|A Centaur's Life
a|GRVNZK5PY|a-certain-magical-index|A Certain Magical Index
a|GY5PDD4PY|a-certain-scientific-accelerator|A Certain Scientific Accelerator
a|G649J4XPY|a-certain-scientific-railgun|A Certain Scientific Railgun
a|GP5HJ84QX|a-condition-called-love|A Condition Called Love
a|GXJHM39MP|a-couple-of-cuckoos|A Couple of Cuckoos
a|GY2P5KQEY|a-dark-rabbit-has-seven-lives|A Dark Rabbit has Seven Lives
a|G679XXM0Y|a-destructive-god-sits-next-to-me|A Destructive God Sits Next to Me
a|GXJHM3PZW|a-galaxy-next-door|A Galaxy Next Door
a|GW4HM7W7Q|a-girl--her-guard-dog|A Girl & Her Guard Dog
a|G1XHJV2NJ|a-herbivorous-dragon-of-5000-years-gets-unfairly-villainized|A Herbivorous Dragon of 5,000 Years Gets Unfairly Villainized
a|GR49M7GP6|a-lull-in-the-sea-nagi-asu-nagi-no-asukara|A Lull in the Sea (Nagi-Asu: Nagi no Asukara)
a|GYK541EPR|a-place-further-than-the-universe|A Place Further Than the Universe
a|GMEHME70J|a-playthrough-of-a-certain-dudes-vrmmo-life|A Playthrough of a Certain Dude's VRMMO Life
a|GEXH3W207|a-returners-magic-should-be-special|A Returner's Magic Should Be Special
a|GVDHX85VN|a-salad-bowl-of-eccentrics|A Salad Bowl of Eccentrics
a|GEXH3W2V7|a-sign-of-affection|A Sign of Affection
a|GR9P90X16|a-sisters-all-you-need|A Sister's All You Need.
a|GY1XXXPQY|a-talk-on-titan|A Talk on Titan
a|GJ0H7Q8XX|a3|A3!
a|GW4HM74KJ|abciee-working-diary|ABCiee Working Diary
a|G619098KY|absolute-duo|Absolute Duo
a|GR5V95N8R|acca-13-territory-inspection-dept|ACCA: 13-Territory Inspection Dept.
a|GRZJEQ3V6|accel-world|Accel World
a|GYE5K0XVR|ace-attorney|Ace Attorney
a|GYX0MZ58R|ace-of-the-diamond|Ace of the Diamond
a|GYGG9PV7Y|active-raid|Active Raid
a|GW4HM75MZ|actors-songs-connection|Actors: Songs Connection
a|G79H23V84|adachi-and-shimamura|Adachi and Shimamura
a|GRP8ZQP1R|aesthetica-of-a-rogue-hero|Aesthetica of a Rogue Hero
a|GDKHZEP9V|africa-salaryman|Africa Salaryman
a|G5PHNMW59|afro-samurai|Afro Samurai
a|GP5HJ81N9|after-school-dice-club|After School Dice Club
a|GVDHX85GV|after-school-hanako-kun|After-school Hanako-kun
a|G0XHWM5XQ|afterlost|AFTERLOST
a|G6DQNPE1R|ah-my-buddha|Ah My Buddha!!
a|G1XHJVWP0|ah-my-goddess-flights-of-fancy|Ah! My Goddess: Flights of Fancy
a|GNVHKN72N|aharen-san-wa-hakarenai|Aharen-san wa Hakarenai
a|G6NVGNJGY|ahiru-no-sora|Ahiru no Sora
a|GRMGZG27R|aho-girl|AHO-GIRL
a|GYP85K3KY|ai-mai-mi|Ai-Mai-Mi
a|GRP8DZ7GR|ai-mai-mi-mousou-catastrophe|Ai-Mai-Mi Mousou Catastrophe
a|GR2P0GJKR|ai-mai-mi-surgical-friends|Ai-Mai-Mi Surgical Friends
a|GVDHX8JWG|ai-tenchi-muyo|Ai Tenchi Muyo!
a|G9VHN91JV|air-gear|Air Gear
a|G6X0427EY|air-master|Air Master
a|GYNQJQG3Y|aiura|AIURA
a|GRZX45ZVY|akagi|Akagi
a|G6190VXEY|akagi-drama|Akagi (Drama)
a|GYDQ8WZ16|akashic-records-of-bastard-magic-instructor|Akashic Records of Bastard Magic Instructor
a|GDKHZEW97|akebis-sailor-uniform|Akebi's Sailor Uniform
a|GRWEKW7NR|akibas-trip-the-animation|Akiba's Trip The Animation
a|GKEH2G440|akudama-drive|Akudama Drive
a|GY8VJW08Y|alderamin-on-the-sky|Alderamin on the Sky
a|GRP8DNZ1R|aldnoahzero|ALDNOAH.ZERO
a|GYNQ5N80Y|alice--zoroku|Alice & Zoroku
a|GR8VJVX7R|all-out|ALL OUT!!
a|G0XHWM5N2|all-saints-street|All Saints Street
a|G9VHN9QED|am-i-actually-the-strongest|Am I Actually the Strongest?
a|GJ0H7QXE2|amaim-warrior-at-the-borderline|AMAIM Warrior at the Borderline
a|G6J0MD1ER|amazing-stranger|AMAZING STRANGER
a|G24H1NW20|an-archdemons-dilemma-how-to-love-your-elf-bride|An Archdemon's Dilemma: How to Love Your Elf Bride
a|GKEH2GQKX|ancient-girls-frame|Ancient Girl's Frame
a|GRWE8K5MR|and-you-thought-there-is-never-a-girl-online|And you thought there is never a girl online?
a|GYNQXWNWY|ange-vierge|Ange Vierge
a|GY49PW7QR|angel-beats|Angel Beats
a|G24H1NWNJ|angel-cop|Angel Cop
a|G6X03VD2Y|angel-heart|Angel Heart
a|G6VN8D53R|angels-3piece|Angel's 3Piece!
a|GRVDN485R|angels-of-death|Angels of Death
a|G6J0QJ32R|angolmois-record-of-mongol-invasion|Angolmois: Record of Mongol Invasion
a|GRDKVQ53Y|anima-yell|Anima Yell!
a|GR19JEWQ6|anime-academy|Anime Academy
a|GQWH0MXPQ|anime-azurlane-slow-ahead|Anime AzurLane: Slow Ahead!
a|GREX5KEXY|anime-crimes-division|Anime Crimes Division
a|GRE5KZQN6|anime-de-training-ex|Anime De Training! Ex
a|G65VGQJ86|anime-gataris|Anime-Gataris
a|GRZ43X7DY|anime-kapibarasan|Anime KAPIBARASAN
a|GR24X90E6|anime-recap|Anime Recap
a|GR19MD406|anisong-station|Anisong Station
a|GYWE2J9JY|anne-happy|Anne-Happy
a|GR19X2G26|anohana-the-flower-we-saw-that-day|Anohana: The Flower We Saw That Day
a|GR09X52WR|another|Another
a|GRZXDKNVY|anti-magic-academy-the-35th-test-platoon|Anti-Magic Academy: The 35th Test Platoon
a|GY3K9XM9Y|ao-chan-cant-study|Ao-chan Can't Study!
a|G4PH0WX5J|aoashi|Aoashi
a|GY49PZ78R|aoi-sekai-no-chushin-de|Aoi Sekai no Chushin de
a|GYMGPXKVY|aokana-four-rhythm-across-the-blue|AOKANA: Four Rhythm Across the Blue
a|GRZXQJK3Y|aooni-the-blue-monster|Aooni The Blue Monster
a|G5PHNMW9N|appare-ranman|APPARE-RANMAN!
a|GRP8PGDWR|arakawa-under-the-bridge|Arakawa Under the Bridge
a|GRE5M1X06|arata-the-legend|Arata the Legend
a|G69VE9W4Y|are-you-lost|Are You Lost?
a|GR2P9ZQ2R|aria-the-animation|ARIA The ANIMATION
a|GYZXZ5PM6|aria-the-scarlet-ammo|Aria the Scarlet Ammo
a|G4PH0WXD1|arifureta-from-commonplace-to-worlds-strongest|Arifureta: From Commonplace to World's Strongest
a|GG5H5X3VN|arknights|Arknights
a|GZJH3DWPV|armor-shop-for-ladies--gentlemen|Armor Shop for Ladies & Gentlemen
a|GRQWDD29R|arp-backstage-pass|ARP Backstage Pass
a|GR9PXZ3J6|arpeggio-of-blue-steel|Arpeggio of Blue Steel
a|GDKHZEDPM|arte|Arte
a|GG5H5XQMD|as-a-reincarnated-aristocrat-ill-use-my-appraisal-skill-to-rise-in-the-world|As a Reincarnated Aristocrat, I'll Use My Appraisal Skill to Rise in the World
a|GRJ0K0ZDY|as-miss-beelzebub-likes-it|As Miss Beelzebub Likes it.
a|G6793XKZY|ascendance-of-a-bookworm|Ascendance of a Bookworm
a|G6MEG24VR|asobi-asobase---workshop-of-fun--|Asobi Asobase - workshop of fun -
a|GRE59JGX6|assassination-classroom|Assassination Classroom
a|G60X4P8GR|assassins-pride|ASSASSINS PRIDE
a|GEXH3WK20|assault-lily-bouquet|Assault Lily BOUQUET
a|G6NQV5WQ6|astarottes-toy|Astarotte's Toy
a|GRMEJX3VY|asteroid-in-love|Asteroid in Love
a|GMEHMEWZM|astra-lost-in-space|ASTRA LOST IN SPACE
a|G8DHV78D7|astro-note|Astro Note
a|GEXH3W2Z5|atelier-ryza-ever-darkness--the-secret-hideout-the-animation|Atelier Ryza: Ever Darkness & the Secret Hideout The Animation
a|GR751KNZY|attack-on-titan|Attack on Titan
a|GR758GE5Y|attack-on-titan-junior-high|Attack on Titan: Junior High
a|G79H235XP|aware-meisaku-kun|Aware! Meisaku-kun
a|GXJHM3GQ7|ayaka|AYAKA
a|GZJH3D0X5|ayakashi-triangle|Ayakashi Triangle
a|G9VHN9P49|azur-lane|AZUR LANE
b|GRGGPG53R|b-project|B-PROJECT
b|G24H1N3J4|back-arrow|BACK ARROW
b|GXJHM3NEV|backflip|Backflip!!
b|GR49X07J6|baka--test---summon-the-beasts--|Baka & Test - Summon the Beasts -
b|G69PXP1EY|bakemonogatari|Bakemonogatari
b|G6J0KWNDR|bakumatsu|BAKUMATSU
b|G3KHEVQ44|bamboo-blade|Bamboo Blade
b|GY2PW4EMY|bananya|Bananya
b|G0XHWM1NV|bang-dream-its-mygo|BanG Dream! It's MyGO!!!!!
b|G9VHN974E|banished-from-the-heros-party-i-decided-to-live-a-quiet-life-in-the-countryside|Banished from the Hero's Party, I Decided to Live a Quiet Life in the Countryside
b|G6NQK7Z36|banpresto-world-figure-colosseum|Banpresto World Figure Colosseum
b|GYMGD89VY|barakamon|Barakamon
b|GZJH3D0J2|bartender|Bartender
b|GVDHX85DV|bartender-glass-of-god|BARTENDER Glass of God
b|G65V1GV06|basilisk|Basilisk
b|G6NQ9PX36|basilisk--the-ouka-ninja-scrolls|Basilisk : The Ouka Ninja Scrolls
b|G9VHN9Q2D|bastions|BASTIONS
b|GNVHKNGMQ|battle-athletes-victory-restart|Battle Athletes Victory ReSTART!
b|G8DHV7DG7|battle-game-in-5-seconds|Battle Game in 5 Seconds
b|GYVNDJDD6|battle-girls---time-paradox|Battle Girls - Time Paradox
b|GRVNE09QY|bbkbrnk|BBK/BRNK
b|G8DHV743V|beast-tamer|Beast Tamer
b|G6GG5KQ86|beelzebub|Beelzebub
b|GXJHM3PVQ|bem|BEM
b|GYX04955R|berserk|Berserk
b|G1XHJV05V|berserk-of-gluttony|Berserk of Gluttony
b|G24H1N8XX|berserk-the-golden-age-arc---memorial-edition|Berserk: The Golden Age Arc - Memorial Edition
b|GR8DM280R|between-the-sky-and-sea|Between the Sky and Sea
b|GRDQNE7GY|beyblade-metal-fusion|Beyblade: Metal Fusion
b|G6VNEV0QR|big-order|BIG ORDER
b|GP5HJ8EDW|big-windup|Big Windup!
b|GG5H5X0K0|bikini-warriors|Bikini Warriors
b|GNVHKN714|birdie-wing--golf-girls-story-|BIRDIE WING -Golf Girls' Story-
b|GYX05GE8R|black-blood-brothers|Black Blood Brothers
b|GYQ43P3E6|black-butler|Black Butler
b|GYWEQW20Y|black-cat|Black Cat
b|GRE50KV36|black-clover|Black Clover
b|GYW4D0M86|black-lagoon|Black Lagoon
b|GMEHME53W|black-rock-shooter|Black Rock Shooter
b|GVDHX8JJE|black-summoner|Black Summoner
b|GRGG4VMER|blade-and-soul|Blade and Soul
b|GZJH3DPK0|blade-runner-black-lotus|Blade Runner: Black Lotus
b|GYWEZ45QY|bladedance-of-elementalers|Bladedance of Elementalers
b|GRVNX903Y|blassreiter|BLASSREITER
b|G649GP1JY|blast-of-tempest|Blast of Tempest
b|GYJQ430W6|blend-s|BLEND-S
b|GRWEQEZER|blood-blockade-battlefront|Blood Blockade Battlefront
b|GR7527XMY|bloodivores|Bloodivores
b|G6MEX4N4R|bludgeoning-angel-dokuro-chan|Bludgeoning Angel Dokuro-chan
b|G649PJ0JY|blue-exorcist|Blue Exorcist
b|G4PH0WEKE|blue-lock|BLUE LOCK
b|GQWH0M7XD|blue-reflection-ray|Blue Reflection Ray
b|GR79JXM06|blue-seed|Blue Seed
b|GRWEZ9XER|blue-spring-ride|Blue Spring Ride
b|GYZXDQQ36|blue-submarine-no-6|Blue Submarine No. 6
b|GXJHM3P19|bocchi-the-rock|BOCCHI THE ROCK!
b|GKEH2G428|bofuri-i-dont-want-to-get-hurt-so-ill-max-out-my-defense|BOFURI: I Don't Want to Get Hurt, so I'll Max Out My Defense.
b|GYE5MPJ0R|boku-no-imoutowaosaka-okan|"Boku-no-imoutowa""Osaka-okan"""
b|GRWE288NR|bokurano|Bokurano
b|GXJHM3GN4|bones-25-dreaming-forward|BONES 25: DREAMING FORWARD
b|GYVN38JP6|bonjoursweet-love-patisserie|BONJOUR♪Sweet Love Patisserie
b|G675K0G3R|bono-bono|BONO BONO
b|GYJ0J3M06|boogiepop-and-others|Boogiepop and Others
b|GMEHMEN92|boogiepop-phantom|Boogiepop Phantom
b|GR75Q020Y|boruto-naruto-next-generations|BORUTO: NARUTO NEXT GENERATIONS
b|GDKHZEWP9|bottom-tier-character-tomozaki|Bottom-Tier Character Tomozaki
b|GEXH3W217|brave-bang-bravern|Brave Bang Bravern!
b|GRMG1D55R|brave-witches|Brave Witches
b|G63VXEQNY|brothers-conflict|Brothers Conflict
b|G6WEMP106|brynhildr-in-the-darkness|Brynhildr in the Darkness
b|G5PHNM985|bucchigiri|BUCCHIGIRI?!
b|GYE5Z94VR|buddy-complex|Buddy Complex
b|GG5H5X3DE|buddy-daddies|Buddy Daddies
b|GG5H5XDE1|build-divide--000000--code-black|BUILD-DIVIDE -#000000- CODE BLACK
b|G24H1NW9J|bullbuster|BULLBUSTER
b|GXJHM377D|bungo-and-alchemist--gears-of-judgement-|Bungo and Alchemist -Gears of Judgement-
b|GR5VXQ8PR|bungo-stray-dogs|Bungo Stray Dogs
b|GMEHMEN75|bungo-stray-dogs-wan|Bungo Stray Dogs WAN!
b|G8DHV7478|bureau-of-paranormal-investigation|Bureau of Paranormal Investigation
b|GRPP77VJR|burn-the-witch|BURN THE WITCH
b|G9VHN9W5J|burning-kabaddi|Burning Kabaddi
b|GRK5VPPW6|burst-angel|Burst Angel
b|G79H23ZNP|butareba--the-story-of-a-man-turned-into-a-pig-|Butareba -The Story of a Man Turned into a Pig-
b|GRMEKQW4Y|butlers-x-battlers|Butlers X Battlers
b|GP5HJ85ED|by-the-grace-of-the-gods|By the Grace of the Gods
c|GRP58JGDR|c3-anime|C3 Anime
c|G6DK9M29R|caligula|Caligula
c|G6JQ1Q8WR|call-to-cosplay|Call to Cosplay
c|GG5H5X3EE|campfire-cooking-in-another-world-with-my-absurd-skill|Campfire Cooking in Another World with My Absurd Skill
c|GR19QV096|campione|Campione!
c|GRJQ0N70Y|canvas-2-niji-iro-no-sketch|Canvas 2: Niji Iro no Sketch
c|GYGGPD73Y|captain-harlock|Captain Harlock
c|GR5PD24QR|captain-harlock-arcadia-of-my-youth---endless-orbit-ssx|Captain Harlock: Arcadia of my Youth - Endless Orbit SSX
c|G4PH0WJDQ|captain-tsubasa-junior-youth-arc|Captain Tsubasa: Junior Youth Arc
c|GRNQP873R|cardcaptor-sakura|Cardcaptor Sakura
c|G6JQXP48R|cardcaptor-sakura-clear-card|Cardcaptor Sakura: Clear Card
c|GRXJ9X5EY|cardfight-vanguard|CARDFIGHT!! VANGUARD
c|G6P8PWMG6|cardfight-vanguard-asia-circuit-season-2|Cardfight!! Vanguard Asia Circuit (Season 2)
c|G6MGPKW46|cardfight-vanguard-g|Cardfight!! Vanguard G
c|GRE51VXX6|cardfight-vanguard-legion-mate-season-4|Cardfight!! Vanguard Legion Mate (Season 4)
c|GYX0M3V0R|cardfight-vanguard-link-joker-season-3|Cardfight!! Vanguard Link Joker (Season 3)
c|GXJHM3NJ5|cardfight-vanguard-overdress|CARDFIGHT!! VANGUARD overDress
c|G6JQVM3ER|case-closed-detective-conan|Case Closed (Detective Conan)
c|GG5H5X35K|case-file-n221-kabukicho|Case file n221: Kabukicho
c|GYNQEDGGY|casshern-sins|Casshern Sins
c|GXJHM3NMN|cat-girl-nuku-nuku|Cat Girl Nuku Nuku
c|GNVHKN78X|cautious-hero-the-hero-is-overpowered-but-overly-cautious|Cautious Hero: The Hero is Overpowered but Overly Cautious
c|GR3KVPQER|cells-at-work|Cells at Work!
c|GDKHZE13M|cells-at-work-code-black|Cells at Work! CODE BLACK
c|GY5VXG95Y|cerberus|Cerberus
c|G6E5KWN0Y|ceres-celestial-legend|Ceres, Celestial Legend
c|GZJH3D732|cestvs--the-roman-fighter-|CESTVS -The Roman Fighter-
c|GYZX2XE46|chaika-the-coffin-princess-|Chaika –The Coffin Princess-
c|GY8VQJM0Y|chain-chronicle---the-light-of-haecceitas--|Chain Chronicle - The Light of Haecceitas -
c|GVDHX8QNW|chainsaw-man|Chainsaw Man
c|G24H1NWV7|chainsaw-man-festival|Chainsaw Man Festival
c|GRZXQ1Z4Y|chance-pop-session|Chance Pop Session
c|G69PZV9VY|chaos-dragon|Chaos Dragon
c|GR497ZW36|chaoschild|CHAOS;CHILD
c|GR9P7K096|chaoshead|Chaos;HEAd
c|GR197N1G6|chargeman-ken|Chargeman Ken
c|GR09XQ3GR|charger-girl-ju-den-chan|Charger Girl Ju-den Chan
c|GYGG99WDY|charlotte|Charlotte
c|G69PM13DY|cheating-craft|Cheating Craft
c|GP5HJ8435|cherry-magic-thirty-years-of-virginity-can-make-you-a-wizard|Cherry Magic! Thirty Years of Virginity Can Make You a Wizard?!
c|GDKHZE1GP|cherry-magic-thirty-years-of-virginity-can-make-you-a-wizard-live-action|CHERRY MAGIC! THIRTY YEARS OF VIRGINITY CAN MAKE YOU A WIZARD?! (Live-action)
c|GG5H5XQK4|chibi-maruko-chan|CHIBI MARUKO-CHAN
c|GYGG57V3Y|chihayafuru|Chihayafuru
c|GEXH3W2PK|chillin-in-another-world-with-level-2-super-cheat-powers|Chillin’ in Another World with Level 2 Super Cheat Powers
c|G79H23XWZ|chillin-in-my-30s-after-getting-fired-from-the-demon-kings-army|Chillin' in My 30s after Getting Fired from the Demon King's Army
c|GY1X93P7Y|chios-school-road|Chio's School Road
c|G6X02X3EY|chiruran-12|Chiruran 1/2
c|G6P819456|chis-sweet-home---chis-new-address|Chi's Sweet Home - Chi's New Address
c|GYGGVPV8Y|chitose-get-you|Chitose Get You!
c|G9VHN97K8|chobits|Chobits
c|GRZX4PK4Y|chronicles-of-the-going-home-club|Chronicles of the Going Home Club
c|GYGGXP7EY|chrono-crusade|Chrono Crusade
c|GR2P942JR|chronos-ruler|CHRONOS RULER
c|G0XHWM45M|cinderella-chef|Cinderella Chef
c|GY5P48E7Y|cinderella-nine|Cinderella Nine
c|GY5V74MPY|citrus|citrus
c|G6P5M4156|city-hunter|City Hunter
c|GNVHKN9N3|classroom-for-heroes|CLASSROOM FOR HEROES
c|GRVN8MNQY|classroom-of-the-elite|Classroom of the Elite
c|GRMEKVG8Y|claymore|Claymore
c|GYNQZQ3XY|clean-freak-aoyama-kun|Clean Freak! Aoyama kun
c|GRWE1330R|clockwork-planet|Clockwork Planet
c|GY2P9ED0Y|code-geass|Code Geass
c|GR9P90D16|code-realize-guardian-of-rebirth|Code: Realize ~Guardian of Rebirth~
c|G0XHWM41M|codebreaker|Code:Breaker
c|GQWH0M98E|combatants-will-be-dispatched|Combatants Will Be Dispatched!
c|G64PVJGWR|comic-girls|Comic Girls
c|G79H23X42|comic-party-revolution|Comic Party Revolution
c|GR9P3EP36|comical-psychosomatic-medicine|Comical Psychosomatic Medicine
c|GR1XQ92VR|conception|Conception
c|GJ0H7Q8W3|concrete-revolutio|Concrete Revolutio
c|G6197910Y|convenience-store-boy-friends|Convenience Store Boy Friends
c|G4PH0WZ5E|cop-craft|Cop Craft
c|G8DHV78N3|copihan|Copihan
c|GKEH2GQJ5|corpse-princess-shikabane-hime|Corpse Princess: Shikabane Hime
c|GYVNXMVP6|cowboy-bebop|Cowboy Bebop
c|GYX0DW78R|coyote-ragtime-show|Coyote Ragtime Show
c|GVDHX8QXW|crest-of-the-stars|Crest of the Stars
c|G675N3ENR|cromartie-high-school|Cromartie High School
c|GR3K1E3DR|crossing-time|Crossing Time
c|GDKHZENQ0|crunchycast|Crunchycast
c|GYWE2G8JY|crunchyroll-collection|Crunchyroll Collection
c|G8DHV7W3N|cue|CUE!
c|GRZX20P8Y|cute-high-earth-defense-club-love|Cute High Earth Defense Club LOVE!
c|G8DHV7874|cyber-city-oedo-808|Cyber City Oedo 808
c|GNVHKN5XG|cyborg-009-the-cyborg-soldier|Cyborg 009: The Cyborg Soldier
d|GR8V02Q7R|d-frag|D-Frag!
d|G3KHEV032|d4dj-all-mix|D4DJ All Mix
d|GYGVN57EY|d4dj-first-mix|D4DJ First Mix
d|GXJHM3DZX|d_cide-traumerei-the-animation|D_CIDE TRAUMEREI THE ANIMATION
d|GYVNMW756|da-capo-iii|Da Capo III
d|GYDQN15K6|dagashi-kashi|Dagashi Kashi
d|G6JQVKE4R|dai-shogun---great-revolution|Dai-Shogun - Great Revolution
d|G6X0K0N7Y|daily-lives-of-high-school-boys|Daily Lives of High School Boys
d|G6QW9J2Z6|dakaichi--im-being-harassed-by-the-sexiest-man-of-the-year-|DAKAICHI -I'm being harassed by the sexiest man of the year-
d|GRWE24VNR|dallos|Dallos
d|G9VHN9P07|dance-dance-danseur|Dance Dance Danseur
d|G6QWGNN76|dance-in-the-vampire-bund|Dance in the Vampire Bund
d|GXJHM395E|dance-with-devils|Dance with Devils
d|GR1X4J00R|dances-with-the-dragons|Dances with the Dragons
d|GY8VX3X7Y|danchigai|Danchigai
d|GR3V5EK46|danganronpa-3-the-end-of-hopes-peak-high-school|Danganronpa 3: The End of Hope's Peak High School
d|GR75N43MY|danganronpa-the-animation|Danganronpa: The Animation
d|GY8VEQ95Y|darling-in-the-franxx|DARLING in the FRANXX
d|G61X24PZ6|darwins-game|Darwin's Game
d|GYEX5E1G6|date-a-live|Date A Live
d|GYX040PKR|days|DAYS
d|G63KN0DZ6|days-of-urashimasakatasen|Days of Urashimasakatasen
d|G68VMJ746|dd-fist-of-the-north-star|DD Fist of the North Star
d|G8DHV7827|dead-dead-demons-dededede-destruction|DEAD DEAD DEMONS DEDEDEDE DESTRUCTION
d|G3KHEV04J|dead-mount-death-play|Dead Mount Death Play
d|GRX02EZ06|deadman-wonderland|Deadman Wonderland
d|GVDHX8Z77|deaimon-recipe-for-happiness|Deaimon: Recipe for Happiness
d|GRZXD528Y|dears|DearS
d|G6K50XJ7Y|death-march-to-the-parallel-world-rhapsody|Death March to the Parallel World Rhapsody
d|G6GGXKNE6|death-parade|Death Parade
d|GEXH3WK03|deca-dence|DECA-DENCE
d|G9VHN91K2|deep-insanity-the-lost-child|Deep Insanity THE LOST CHILD
d|GG5H5XE73|delicious-party-precure|Delicious Party Precure
d|G8DHV78K4|delusional-monthly-magazine|Delusional Monthly Magazine
d|GRGG58V1R|demon-king-daimao|Demon King Daimao
d|GXJHM37KD|demon-lord-retry|Demon Lord, Retry!
d|GY5P48XEY|demon-slayer-kimetsu-no-yaiba|Demon Slayer: Kimetsu no Yaiba
d|G6NQVZ0Q6|demonbane|Demonbane
d|GYVN3Q136|denki-gai|DENKI-GAI
d|GR9P7MP06|desert-punk|Desert Punk
d|GYVNPX3D6|devil-may-cry|Devil May Cry
d|G609GE8M6|dgray-man|D.Gray-man
d|GMEHME8EZ|diary-of-our-days-at-the-breakwater|Diary of Our Days at the Breakwater
d|G679305JY|didnt-i-say-to-make-my-abilities-average-in-the-next-life|Didn't I say to make my abilities average in the next life
d|GRE50WD16|dies-irae|Dies irae
d|GYEX24PV6|digimon-adventure-2020|Digimon Adventure: (2020)
d|G6NQX5GZ6|digimon-adventure-tri|Digimon Adventure tri
d|GVDHX8Q3P|digimon-adventure-tri-films|Digimon Adventure tri. (Films)
d|G5PHNMEEZ|digimon-ghost-game|Digimon Ghost Game
d|GRDKJ3Q3Y|digimon-universe-app-monsters|Digimon Universe App Monsters
d|GY19X1M9R|digimon-xros-wars---the-young-hunters-who-leapt-through-time|Digimon Xros Wars - The Young Hunters Who Leapt Through Time
d|G6QW5X836|dimension-high-school|Dimension High School
d|G4PH0WE7E|dimension-w|Dimension W
d|GKEH2G8ZJ|dirty-pair|Dirty Pair
d|GY0XXX2P6|disgaea|Disgaea
d|GYZXDZGX6|divine-gate|Divine Gate
d|G6491E5ZY|dna2|DNA^2
d|GEXH3W4JP|do-it-yourself|Do It Yourself!!
d|G6J0EEP0R|do-you-love-your-mom-and-her-two-hit-multi-target-attacks|Do You Love Your Mom and Her Two-Hit Multi-Target Attacks?
d|GVDHX853V|doctor-elise-the-royal-lady-with-the-lamp|Doctor Elise: The Royal Lady with the Lamp
d|GR9PXEN46|dog--scissors|Dog & Scissors
d|G64G29DER|dogezai-tried-asking-while-kowtowing|<DOGEZA>I Tried Asking While Kowtowing.
d|G679D84KY|domestic-girlfriend|Domestic Girlfriend
d|GYPP7D7JY|dont-call-us-a-junk-game|Don't Call Us A JUNK GAME!
d|G3KHEV3NN|dont-hurt-me-my-healer|Don't Hurt Me, My Healer!
d|GQWH0M455|dont-toy-with-me-miss-nagatoro|DON'T TOY WITH ME, MISS NAGATORO
d|GYVNEWNZ6|donyatsu|Donyatsu
d|GRJ00ZP4Y|double-decker-doug--kirill|DOUBLE DECKER! DOUG & KIRILL
d|GG5H5XK0J|dr-ramune--mysterious-disease-specialist-|Dr. Ramune -Mysterious Disease Specialist-
d|GYEXQKJG6|dr-stone|Dr. STONE
d|G8DHV7W21|dragon-ball|Dragon Ball
d|G4PH0WXXM|dragon-ball-gt|Dragon Ball GT
d|GR19V7816|dragon-ball-super|Dragon Ball Super
d|G9VHN9PPW|dragon-ball-z|Dragon Ball Z
d|GYMGD32GY|dragon-collection|DRAGON COLLECTION
d|G6P85GMM6|dragon-crisis|Dragon Crisis
d|G4PH0WXD4|dragon-goes-house-hunting|Dragon Goes House-Hunting
d|GYXM79M56|dragon-quest-the-adventure-of-dai|DRAGON QUEST The Adventure of Dai
d|GDKHZEJN0|dragon-raja--the-blazing-dawn-|Dragon Raja -The Blazing Dawn-
d|G6MG20446|dragonar-academy|Dragonar Academy
d|GY2PQ04PY|dragonaut--the-resonance-|Dragonaut -THE RESONANCE-
d|G63V7VN4Y|dramatical-murder|DRAMAtical Murder
d|GR8VJW7WR|dream-festival|DREAM FESTIVAL!
d|G62487M9Y|dropkick-on-my-devil|Dropkick on My Devil!
d|GEXH3WK40|dropout-idol-fruit-tart|Dropout Idol Fruit Tart
d|GNVHKNG1Q|drowning-sorrows-in-raging-fire|Drowning Sorrows in Raging Fire
d|GDKHZEN80|drug-store-in-another-world---the-slow-life-of-a-cheat-pharmacist|Drug Store in Another World - The Slow Life of a Cheat Pharmacist
e|G6Z437QXR|eagle-talon-golden-spell|EAGLE TALON ~Golden Spell~
e|GRJ07DM5Y|earl-and-fairy|Earl and Fairy
e|GR0X0P1VY|eat-man|EAT-MAN
e|GRZJ073V6|eat-man-98|EAT-MAN '98
e|GY8DDD58Y|eden-of-the-east|Eden of the East
e|G79H23XJJ|edens-zero|EDENS ZERO
e|GRDK118DY|eiken|Eiken
e|G4PH0WEZP|el-cazador-de-la-bruja|El Cazador de la Bruja
e|G69PZJX0Y|el-hazard-the-wanderers|El-Hazard: The Wanderers
e|GYP83KPJY|eldlive|elDLIVE
e|GYE5Z5JNR|elegant-yokai-apartment-life|Elegant Yokai Apartment Life
e|G69VK484Y|elemental-gelade|Elemental Gelade
e|GYW4455K6|emma-a-victorian-romance|Emma: A Victorian Romance
e|G649D0KPY|endride|Endride
e|GRP52G1JR|endro|ENDRO!
e|GJ0H7Q8J0|engage-kiss|Engage Kiss
e|GXJHM3P49|ensemble-stars|Ensemble Stars
e|GYGG92K7Y|erased|ERASED
e|GYQ42D876|ergo-proxy|Ergo Proxy
e|GRQ40V31Y|eromanga-sensei|Eromanga Sensei
e|GG5H5XEGG|estab-life-great-escape|ESTAB LIFE: Great Escape
e|G6Q4Q41ZR|etotama|ETOTAMA
e|GYWE82VMY|eureka-seven-ao|Eureka Seven AO
e|GQWH0MP75|eureka-seven-hi-evolution|Eureka Seven Hi-Evolution
e|G6E5098GY|evil-or-live|EVIL OR LIVE
e|GQWH0MX7Q|ex-arm|EX-ARM
e|G6MGX3DG6|excel-saga|Excel Saga
e|G6248J99Y|extra-olympia-kyklos|Extra Olympia Kyklos
e|G3KHEVQQG|extreme-hearts|Extreme Hearts
e|GRE5KGN36|eyeshield-21|Eyeshield 21
f|GW4HM757E|fafner|Fafner
f|G1XHJV2DX|fairies-album|Fairies Album
f|G79H230EM|fairy-gone|Fairy gone
f|GYZXQWMV6|fairy-musketeers|Fairy Musketeers
f|GMEHME7NJ|fairy-princess-minky-momo|Fairy Princess Minky Momo
f|G1XHJV873|fairy-ranmaru|Fairy Ranmaru
f|G6DQDD3WR|fairy-tail|Fairy Tail
f|GR1XP20GR|fan-chronicles-a-crunchyroll-documentary-series|Fan Chronicles: A Crunchyroll Documentary Series
f|G65PV1NE6|fan-service|Fan Service
f|GMEHME4QD|fanfare-of-adolescence|Fanfare of Adolescence
f|G79H230JM|fantasia-sango---realm-of-legends|Fantasia Sango - Realm of Legends
f|GDKHZE431|farewell-my-dear-cramer|Farewell, My Dear Cramer
f|GRQ4Z4XQY|fastest-finger-first|Fastest Finger First
f|GXJHM397N|fategrand-carnival|Fate/Grand Carnival
f|GR24JZ886|fategrand-order-absolute-demonic-front-babylonia|Fate/Grand Order Absolute Demonic Front: Babylonia
f|G3KHEV0M2|fategrand-order-the-stage---the-grand-temple-of-time-solomon-ars-nova|Fate/Grand Order THE STAGE - The Grand Temple of Time: Solomon Ars Nova
f|GRDQV79DY|fatekaleid-liner-prisma-illya|Fate/kaleid liner PRISMA ILLYA
f|GY8V11X7Y|fatestay-night|Fate/stay night
f|GRJQ04Z3Y|fatezero|Fate/Zero
f|GZJH3DPM1|fena-pirate-princess|Fena: Pirate Princess
f|GYG57JWEY|fight-league-gear-gadget-generators|Fight League: Gear Gadget Generators
f|GYQWNXPZY|fire-force|Fire Force
f|G0XHWM1MK|firefighter-daigo-rescuer-in-orange|Firefighter Daigo: Rescuer in Orange
f|GY3VGKV9R|first-love-monster|FIRST LOVE MONSTER
f|GR79P2NJ6|fist-of-the-blue-sky-regenesis|Fist of the Blue Sky: Regenesis
f|G6752ZK3R|fist-of-the-north-star|Fist of the North Star
f|GY09GKE2Y|flame-of-recca|Flame of Recca
f|GRDK3DD4Y|flcl|FLCL
f|G69P31P9Y|flesh-for-the-beast-tsukikos-curse|Flesh for the Beast: Tsukiko's Curse
f|GZJH3D858|fluffy-paradise|Fluffy Paradise
f|G65VE2G36|flying-witch|Flying Witch
f|GY49PDGVR|folktales-from-japan|Folktales from Japan
f|G6GG91P26|food-wars-shokugeki-no-soma|Food Wars! Shokugeki no Soma
f|GYGGKQ88Y|forest-fairy-five|FOREST FAIRY FIVE
f|GRZXZ9EGY|fractale|Fractale
f|G64PPXMZR|frankenstein-family|Frankenstein Family
f|GXJHM378Z|freakangels|FreakAngels
f|GRDQV2VWY|free---iwatobi-swim-club|Free! - Iwatobi Swim Club
f|GRDQE71GY|freezing|Freezing
f|GG5H5XQX4|frieren-beyond-journeys-end|Frieren: Beyond Journey's End
f|G6ZJMGEXY|fruits-basket|Fruits Basket
f|GQWH0M7VP|fruits-basket-2001|Fruits Basket (2001)
f|G1XHJVE5K|full-dive-this-ultimate-next-gen-full-dive-rpg-is-even-shittier-than-real-life|Full Dive: This Ultimate Next-Gen Full Dive RPG Is Even Shittier than Real Life!
f|GR2PQ9K0R|full-metal-panic|Full Metal Panic!
f|G6VN78NXR|full-metal-panic-fumoffu|Full Metal Panic? Fumoffu
f|GR4PVDGEY|full-metal-panic-invisible-victory|Full Metal Panic! Invisible Victory
f|GRDK9DE1Y|full-metal-panic-the-second-raid|Full Metal Panic! The Second Raid
f|GRGGPG93R|fullmetal-alchemist-brotherhood|Fullmetal Alchemist: Brotherhood
f|GRGG932PR|fushigi-yugi|Fushigi Yugi
f|GRX038W06|fushigi-yugi-eikoden|Fushigi Yugi: Eikoden
f|G24H1NJE2|futsal-boys|Futsal Boys!!!!!
f|GY5VKE9EY|future-card-buddyfight|Future Card Buddyfight
f|GRJQNG8XY|fuuka|Fuuka
f|GMEHMEWK0|fuuto-pi|FUUTO PI
g|GRNQVWWJR|ga-geijutsuka-art-design-class|GA Geijutsuka Art Design Class
g|G6ZXZD93R|ga-rei-zero|Ga-Rei-Zero
g|GR09WNG7R|gabriel-dropout|Gabriel DropOut
g|GY24KV85R|gad-guard|Gad Guard
g|GR193JZE6|gakuen-alice|Gakuen Alice
g|G64901MJY|gakuen-handsome|Gakuen Handsome
g|GMEHME7EJ|gakuen-heaven|Gakuen Heaven
g|G4PH0WEDW|gal--dino|Gal & Dino
g|GYQ4M8016|galaxy-express-999|Galaxy Express 999
g|GR5V1JKGR|gamers|GAMERS!
g|GKEH2G87N|ganbare-doukichan|GANBARE DOUKICHAN
g|G6MG10376|gankutsuou|Gankutsuou
g|G6P8918Q6|gantz|GANTZ
g|GR49G1GE6|gargantia-on-the-verdurous-planet|Gargantia on the Verdurous Planet
g|GRVN7ZW3Y|garo--vanishing-line-|GARO -VANISHING LINE-
g|GR5VMPM5R|garo-crimson-moon|GARO: CRIMSON MOON
g|G609X0846|gdgd-fairies|gdgd Fairies
g|GR2P8QV2R|gdgd-mens-party|gdgd men's party
g|G6MEK122R|gegege-no-kitaro|GeGeGe no Kitaro
g|GW4HM758E|gekidol|Gekidol
g|G24H1NW50|genesis-climber-mospeada|Genesis Climber MOSPEADA
g|GYKKD90MY|genie-family-2020|Genie Family 2020
g|GYGGVJQ5Y|genshiken-second-season|Genshiken Second Season
g|GRNQJ5Z9R|ghastly-prince-enma-burning-up|Ghastly Prince Enma Burning Up
g|G9VHN978M|ghost-hunt|Ghost Hunt
g|GYDKQX9Z6|ghost-in-the-shell-arise|Ghost in the Shell: Arise
g|G6MGP0K46|ghost-stories|Ghost Stories
g|G63VE554Y|giant-gorg|Giant Gorg
g|GR3K2EXXR|gibiate|GIBIATE
g|G6NQJ2ZZ6|gifu-dodo-kanetsugu-and-keiji|Gifu Dodo!! Kanetsugu and Keiji
g|G649G581Y|gingitsune-messenger-fox-of-the-gods|Gingitsune: Messenger Fox of the Gods
g|GYQ4MKDZ6|gintama|Gintama
g|GY19NQ2QR|girl-friend-beta|Girl Friend BETA
g|GEXH3WP97|girlfriend-girlfriend|Girlfriend, Girlfriend
g|G6VN7WW0R|girls-bravo|Girls Bravo
g|GW4HM7GQX|girls-frontline|Girls' Frontline
g|GYG5XKQ1Y|girly-air-force|Girly Air Force
g|GRG5WWD4R|given|given
g|G8DHV7D17|given-drama|given (Drama)
g|GYP8PPDGY|gj-club|GJ CLUB
g|GY8D2D88Y|glass-fleet|Glass Fleet
g|GRWEXQEER|glass-mask|Glass Mask
g|G9VHN9P7W|gleipnir|Gleipnir
g|GVDHX8VN5|gloomy-the-naughty-grizzly|GLOOMY THE NAUGHTY GRIZZLY
g|GR3VK50W6|go-lion|Go Lion
g|G6VDMN306|goblin-slayer|GOBLIN SLAYER
g|GRDQNDVZY|god-eater|God Eater
g|G6JQ1MW8R|god-mars|God Mars
g|GZJH3D0K2|god-mazinger|GOD MAZINGER
g|G0XHWM1Q0|gods-games-we-play|Gods' Games We Play
g|GR19N7DV6|golden-boy|Golden Boy
g|GY8DWQN5Y|golden-kamuy|Golden Kamuy
g|GYJQGMNX6|good-luck-girl|Good Luck Girl
g|G8DHVNJ5V|good-luck-ninomiya-kun|Good Luck! Ninomiya-kun
g|GYG5GW91Y|gosick|Gosick
g|GRZJ0M446|granbelm|GRANBELM
g|GRVN4W13Y|granblue-fantasy-the-animation|GRANBLUE FANTASY: The Animation
g|GYEMEVGVR|grand-blues|Grand Blues!
g|GW4HM7W99|grandpa-and-grandma-turn-young-again|Grandpa and Grandma Turn Young Again
g|GYW4HPEK1|gravion|Gravion
g|G9VHN9DXX|gravitation|Gravitation
g|GJ0H7QG4K|great-pretender-razbliuto|GREAT PRETENDER razbliuto
g|GRVNX917Y|grimgar-ashes-and-illusions|Grimgar, Ashes and Illusions
g|G679ZQKKY|grimms-notes-the-animation|Grimms Notes the Animation
g|G9VHN97GM|ground-control-to-psychoelectric-girl|Ground Control to Psychoelectric Girl
g|GRVNE7N4Y|group-watch|Group Watch
g|GRQ4QG4GY|gto---the-animation|GTO - The Animation
g|GZJH3D0N5|guilty-crown|Guilty Crown
g|GY8VK5G8Y|gun-x-sword|Gun X Sword
g|GZJH3D8D8|gunbuster|Gunbuster
g|GY09GJ77Y|gunbuster-2|Gunbuster 2
g|GY9VDNJ0R|gundam-build-divers|Gundam Build Divers
g|G6Q40NG1R|gundam-build-fighters|Gundam Build Fighters
g|GY197VD9R|gungrave|Gungrave
g|GDKHZEPP3|gunmachan|GUNMACHAN
g|GYZX14J96|gunslinger-girl|Gunslinger Girl
g|GY75KPZ56|gunslinger-stratos|Gunslinger Stratos
g|GRVDWZZ4R|gurazeni-money-pitch|Gurazeni: Money Pitch
g|GR097JN7R|gurren-lagann|Gurren Lagann
g|GR9P7JMV6|guyver-the-bioboosted-armor|Guyver: The Bioboosted Armor
g|GXYZ123|gxyz123|GXYZ123
h|GY8VJKNGY|h2o-footprints-in-the-sand|H2O: Footprints in the Sand
h|GYX0PN4MR|haganai|Haganai
h|GY8VM8MWY|haikyu|Haikyu!!
h|GW4HM7N7X|hajime-no-ippo-the-fighting|Hajime No Ippo: The Fighting!
h|GR4PQX0WY|hakata-mentai-pirikarako-chan|Hakata Mentai! Pirikarako-chan
h|GYJQG29X6|hakata-tonkotsu-ramens|Hakata Tonkotsu Ramens
h|G6MGP0V26|hakone-chan|Hakone-chan
h|GDKHZE2Q7|hakuoki-demon-of-the-fleeting-blossom|Hakuoki ~Demon of the Fleeting Blossom~
h|GZJH3DXQD|hakuoki-demon-of-the-fleeting-blossom-drama|Hakuoki ~Demon of the Fleeting Blossom~ (Drama)
h|GY9P7JN9R|hakyu-hoshin-engi|HAKYU HOSHIN ENGI
h|GY5VJN1DY|hamatora|Hamatora
h|GYW4W70M6|hana-yori-dango-boys-over-flowers|Hana Yori Dango (Boys Over Flowers)
h|G8DHV7EEG|hanabichan-the-girl-who-popped-out-of-the-game-world|Hanabichan ~The girl who popped out of the game world~
h|G6E5XJ59Y|hanasakeru-seishonen|Hanasakeru Seishonen
h|GR9PVW336|hanasaku-iroha|Hanasaku Iroha
h|GR2P1Z08R|hanayamata|HaNaYaMaTa
h|G6DQM178R|hand-shakers|Hand Shakers
h|GVDHX09WV|handa-kun|Handa-kun
h|G9VHN97MP|handyman-fellow-jellyfish|Handyman Fellow Jellyfish
h|GMEHME849|handyman-saitou-in-another-world|Handyman Saitou in another world
h|GRZJXKN86|hanebado|HANEBADO!
h|GYWE27EJY|happiness|Happiness!
h|GR09G930R|happy-tree-friends|Happy Tree Friends
h|GG5H5X002|harem-in-the-labyrinth-of-another-world|Harem in the Labyrinth of Another World
h|G79H23ZD5|harmonquest|HarmonQuest
h|G65PV3GK6|harukana-receive|Harukana Receive
h|G0XHWM4D8|hatena-illusion|Hatena Illusion
h|GR9PV4V06|hayate-the-combat-butler|Hayate the Combat Butler!
h|GYQ4MG4P6|hayate-the-combat-butler-season-1--2|Hayate the Combat Butler! (Season 1 & 2)
h|GXJHM37WP|healer-girl|Healer Girl
h|GY9V4N8ER|healin-good-precure|Healin' Good Precure
h|GR75391ZY|heat-guy-j|Heat Guy J
h|G79H23XX8|heaven-officials-blessing|Heaven Official's Blessing
h|G0XHWMV4G|heavens-design-team|Heaven's Design Team
h|GR79V3VN6|heavens-lost-property|Heaven's Lost Property
h|G6P8ZPGK6|hell-girl-fourth-twilight|Hell Girl: Fourth Twilight
h|GJ0H7Q5ZJ|hells-paradise|Hell's Paradise
h|G649DPXQY|hellsing|Hellsing
h|GYWEQ4Q3Y|hellsing-ultimate|Hellsing Ultimate
h|GQWH0MX4W|hensuki---are-you-willing-to-fall-in-love-with-a-pervert-as-long-as-shes-a-cutie|Hensuki - Are you willing to fall in love with a pervert, as long as she’s a cutie?
h|GYGG7GD4Y|hero-tales|Hero Tales
h|GYJQV0Q26|herobank|HEROBANK
h|G8DHV74PV|heroic-age|Heroic Age
h|G0XHWM023|heroines-run-the-show|Heroines Run the Show
h|G6Q4WP11R|heroman|HEROMAN
h|GY5P0K48Y|hetalia|Hetalia
h|G6X04JEPY|heybot|HEYBOT!
h|GXJHM3NW5|higehiro-after-being-rejected-i-shaved-and-took-in-a-high-school-runaway|Higehiro: After Being Rejected, I Shaved and Took in a High School Runaway
h|G8DHV74W5|high-card|HIGH CARD
h|G4PH0WMEX|high-guardian-spice|High Guardian Spice
h|GR2P21J9R|high-school-dxd|High School DxD
h|GYXJKGDN6|high-school-prodigies-have-it-easy-even-in-another-world|High School Prodigies Have It Easy Even In Another World
h|GZJH3D879|highspeed-toile|HIGHSPEED Étoile
h|G4PH0WXEM|higurashi-when-they-cry---gou|Higurashi: When They Cry - GOU
h|G69PV5EVY|hikakin-beatbox|Hikakin Beatbox
h|GYK53VPPR|himegoto|Himegoto
h|GYG5VG03Y|himote-house-a-share-house-of-super-psychic-girls|HIMOTE HOUSE: A share house of super psychic girls
h|GRX0ZKZK6|hina-logic---from-luck--logic|Hina Logic - from Luck & Logic
h|G6E58N5VY|hinako-note|Hinako Note
h|GR79PWJ16|hinamatsuri|HINAMATSURI
h|G60X7D34R|hinomaru-sumo|Hinomaru Sumo
h|G63VMXEQY|hitori-no-shita---the-outcast|Hitori No Shita - The Outcast
h|GYEX47296|hitoribocchi-no-marumaruseikatsu|Hitoribocchi no Marumaruseikatsu
h|GJ0H7QGPK|hokkaido-gals-are-super-adorable|Hokkaido Gals Are Super Adorable!
h|GRZJXGX46|holmes-of-kyoto|Holmes of Kyoto
h|GRE51QMX6|holy-knight|Holy Knight
h|GYNVWN4GR|honey-and-clover|Honey and Clover
h|G9VHN9P43|horimiya|Horimiya
h|G4PH0WXMM|hortensia-saga|Hortensia SAGA
h|G1XHJV3MV|how-a-realist-hero-rebuilt-the-kingdom|How a Realist Hero Rebuilt the Kingdom
h|GRZJ1PK86|how-clumsy-you-are-miss-ueno|How clumsy you are, Miss Ueno.
h|GP5HJ80VJ|how-heavy-are-the-dumbbells-you-lift|How Heavy Are the Dumbbells You Lift?
h|GYZJXWWGR|how-not-to-summon-a-demon-lord|How Not to Summon a Demon Lord
h|GRDQPN8KY|how-to-keep-a-mummy|How to Keep a Mummy
h|GY5VX7QEY|hundred|Hundred
h|GY3VKX1MR|hunter-x-hunter|Hunter x Hunter
h|GYQ4WQ976|hyakko|Hyakko
h|G609QXV76|hybrid-x-heart-magias-academy-ataraxia|Hybrid x Heart Magias Academy Ataraxia
h|G6P585256|hyouka|Hyouka
h|GY3VZ8KXR|hyperdimension-neptunia|Hyperdimension Neptunia
h|GP5HJ8EV9|hypnosismic--division-rap-battle--rhyme-anima|HYPNOSISMIC -Division Rap Battle- Rhyme Anima
i|G65VK1N76|i-cant-understand-what-my-husband-is-saying|I Can't Understand What My Husband Is Saying
i|GR19Q7GG6|i-couldnt-become-a-hero-so-i-reluctantly-decided-to-get-a-job|I Couldn’t Become a Hero, So I Reluctantly Decided to Get a Job.
i|GEXH3W49E|i-got-a-cheat-skill-in-another-world-and-became-unrivaled-in-the-real-world-too|I Got a Cheat Skill in Another World and Became Unrivaled in The Real World, Too
i|G1XHJV0ZV|i-shall-survive-using-potions|I Shall Survive Using Potions!
i|GJ0H7QG4E|i-was-reincarnated-as-the-7th-prince-so-i-can-take-my-time-perfecting-my-magical-ability|I Was Reincarnated as the 7th Prince so I Can Take My Time Perfecting My Magical Ability
i|G8DHV7KWX|ichu|I★CHU
i|G79H230GE|id-invaded|ID: INVADED
i|GYK5JGKWR|idol-incidents|Idol Incidents
i|GW4HM7NM3|idol-time-pripara|Idol Time Pripara
i|GRE50NQV6|idolish7|IDOLiSH7
i|GVDHX83JZ|idolls|Idolls!
i|G3KHEVQW5|idoly-pride|Idoly Pride
i|G6DK3X9GR|if-its-for-my-daughter-id-even-defeat-a-demon-lord|If It's for My Daughter, I'd Even Defeat a Demon Lord
i|GXJHM39E9|if-my-favorite-pop-idol-made-it-to-the-budokan-i-would-die|If My Favorite Pop Idol Made It to the Budokan, I Would Die
i|G675KQ51R|iida-tokimeki-trip|Iida Tokimeki Trip
i|G24H1NJ8D|ikebukuro-west-gate-park|Ikebukuro West Gate Park
i|GP5HJ84M5|im-giving-the-disgraced-noble-lady-i-rescued-a-crash-course-in-naughtiness|I'm Giving the Disgraced Noble Lady I Rescued a Crash Course in Naughtiness
i|GVDHX851V|im-in-love-with-the-villainess|I'm in Love with the Villainess
i|G79H23VD4|im-kodama-kawashiri|I'M KODAMA KAWASHIRI
i|G6Q9GGE26|im-standing-on-a-million-lives|I'm Standing on a Million Lives
i|GG5H5X0JK|im-the-villainess-so-im-taming-the-final-boss|I'm the Villainess, So I'm Taming the Final Boss
i|GYQ4ZWV46|in-another-world-with-my-smartphone|In Another World With My Smartphone
i|G64PV1WJR|in-search-of-the-lost-future|In Search of the Lost Future
i|GJ0H7QXWZ|in-the-heart-of-kunoichi-tsubaki|In the Heart of Kunoichi Tsubaki
i|GMEHME51P|in-the-land-of-leadale|In the Land of Leadale
i|G79H23WQ7|inazma-delivery|INAZMA DELIVERY
i|GYE5KVMNR|inferno-cop|Inferno Cop
i|G9VHN9PDW|infinite-dendrogram|Infinite Dendrogram
i|G5PHNMWZX|initial-d|Initial D
i|GYZJEEQGR|inspectre|In/Spectre
i|GYX0JWZMR|interlude|Interlude
i|G6Q43113R|interviews-with-monster-girls|Interviews With Monster Girls
i|GR2P14M5R|inugami-san-to-nekoyama-san|Inugami-san to Nekoyama-san
i|GRQWE1K7R|inukami|Inukami!
i|G8DHV7E9Q|inuyashiki-last-hero|INUYASHIKI LAST HERO
i|GYWE22KGY|investor-z-motion-manga|Investor Z (Motion Manga)
i|GDKHZED8D|irina-the-vampire-cosmonaut|Irina: The Vampire Cosmonaut
i|G24H1NW17|irodorimidori|Irodorimidori
i|G6DQN9KGR|is-it-wrong-to-try-to-pick-up-girls-in-a-dungeon|Is It Wrong to Try to Pick Up Girls in a Dungeon?
i|GR2P1P2KR|is-the-order-a-rabbit|Is the Order a Rabbit?
i|G6NQ3DZX6|is-this-a-zombie|Is this a Zombie?
i|GY79GJX1R|isekai-cheat-magician|Isekai Cheat Magician
i|G6J0WJ05R|isekai-izakaya-japanese-food-from-another-world|Isekai Izakaya: Japanese Food From Another World
i|GR8DN7N7R|isekai-quartet|ISEKAI QUARTET
i|GYW4E1GE6|island|ISLAND
i|GYE51Q81R|isuca|ISUCA
i|GJ0H7Q53J|itakiss|ItaKiss
i|GW4HM79VM|ive-been-killing-slimes-for-300-years-and-maxed-out-my-level|I've Been Killing Slimes For 300 Years And Maxed Out My Level
i|GRJK7WV4Y|iwakakeru--sport-climbing-girls-|Iwakakeru -Sport Climbing Girls-
i|GRDQKP57Y|ixion-saga-dt|Ixion Saga DT
i|GRNQ1PDZR|izetta-the-last-witch|Izetta: The Last Witch
j|GRWEQ4ZNR|japa-con-presents-agent-hazap|Japa Con Presents: Agent HaZAP
j|G6NQV80X6|japanese-anime-classic-collection|Japanese Anime Classic Collection
j|GR5PJ2NQR|jingai-san-no-yome|Jingai-san no Yome
j|GQWH0MPM2|jinki-extend|Jinki: Extend
j|G5PHNM7G1|jinsei---life-consulting|JINSEI - Life Consulting
j|GYE5K8NPR|jk-meshi|JK-MESHI!
j|GYP8DP1MY|jojos-bizarre-adventure|JoJo's Bizarre Adventure
j|GY8VXP2JY|joker-game|JOKER GAME
j|GJ0H7Q4E9|joran-the-princess-of-snow-and-blood|JORAN THE PRINCESS OF SNOW AND BLOOD
j|GRMGWEM3R|jormungand|Jormungand
j|G69VK8M8Y|joshi-kausei|Joshi Kausei
j|GG5H5X38V|jubei-chan-2-the-counterattack-of-siberia-yagyu|Jubei-Chan 2: The Counterattack of Siberia Yagyu
j|GRJQKG1EY|jubei-chan-the-ninja-girl|Jubei-chan: The Ninja Girl
j|GRDV0019R|jujutsu-kaisen|JUJUTSU KAISEN
j|G6K51X9GY|juni-taisenzodiac-war|JUNI TAISEN：ZODIAC WAR
j|GNVHKNPP7|junior-high-and-high-school-kimetsu-academy-story|Junior High and High School!! Kimetsu Academy Story
j|G68V4NDJ6|junji-ito-collection|Junji Ito Collection
j|GRMGM57VR|junjo-romantica|Junjo Romantica
j|GRNQ2QMQR|junjo-romantica-3|Junjo Romantica 3
j|G68D2DQW6|jyu-oh-sei|Jyu-Oh-Sei
k|G6WE42PG6|kaasan-moms-life|Kaasan Mom's Life
k|GR24GX896|kabaneri-of-the-iron-fortress|Kabaneri of the Iron Fortress
k|GR3VP21Z6|kado-the-right-answer|KADO: The Right Answer
k|GNVHKNG05|kageki-shojo|Kageki Shojo!!
k|GRMGP3V7R|kagewani|KAGEWANI
k|G3KHEV73Z|kaginado|KAGINADO
k|GRJ0J828Y|kaguya-sama-love-is-war|KAGUYA-SAMA: LOVE IS WAR
k|G6P50M4G6|kaiba|Kaiba
k|G6GGV5WW6|kaiji|Kaiji
k|GYQ4MK936|kaiju-girls|KAIJU GIRLS
k|GG5H5XQ7D|kaiju-no-8|Kaiju No. 8
k|G79H23XVZ|kaina-of-the-great-snow-sea|Kaina of the Great Snow Sea
k|G6MEK1ZGR|kakuriyo--bed--breakfast-for-spirits-|Kakuriyo -Bed & Breakfast for Spirits-
k|G0XHWM00Z|kakushigoto|Kakushigoto
k|G609ZVNW6|kaleido-star|Kaleido Star
k|GRKEQ8EWR|kamen-no-maid-guy|Kamen no Maid Guy
k|GZJH3D898|kamierabi-godapp|KamiErabi GOD.app
k|G6NQJZQ36|kamigami-no-asobi|Kamigami no Asobi
k|GNVHKNP4J|kamikatsu-working-for-god-in-a-godless-world|KamiKatsu: Working for God in a Godless World
k|G649PQNWY|kamisama-dolls|Kamisama Dolls
k|GRE5KE7P6|kamisama-hajimemashita|Kamisama Hajimemashita
k|GYJQVX726|kancolle|KanColle
k|GYMGDK3GY|kanojo-ga-flag-wo-oraretara-if-her-flag-breaks|Kanojo ga Flag wo Oraretara (If Her Flag Breaks)
k|GRDQ44G1Y|kanokon|Kanokon
k|GZJH3D0VK|kanon|Kanon
k|G6X0P133Y|karakai-jozu-no-takagi-san|KARAKAI JOZU NO TAKAGI-SAN
k|G6754G8VR|karneval|Karneval
k|GY2420WPR|katana-maidens--mini-toji|Katana Maidens ~ Mini Toji
k|GY9P1KVER|katana-maidens--toji-no-miko|Katana Maidens ~ Toji No Miko
k|GYGVNVEDY|katana-maidens--tomoshibi|Katana Maidens -Tomoshibi
k|GRE5Z5196|katsugeki-touken-ranbu|Katsugeki TOUKEN RANBU
k|GMEHME7DJ|kawagoe-boys-sing--now-or-never-|KAWAGOE BOYS SING -Now or Never-
k|GNVHKN953|kays-daily-doodles|Kay's Daily Doodles
k|GYP84XNVY|kaze-no-stigma|Kaze No Stigma
k|GY0X54Q96|keep-your-hands-off-eizouken|Keep Your Hands Off Eizouken!
k|GY2PW178Y|keijo|Keijo!!!!!!!!
k|GXJHM3D8W|kekkaishi|Kekkaishi
k|G6Q4WK1QR|kemeko-dx|Kemeko DX
k|GRGGK327R|kemono-friends|Kemono Friends
k|GKEH2G492|kemono-jihen|Kemono Jihen
k|G8DHV7EPX|kemono-michi-rise-up|Kemono Michi: Rise Up
k|GEXH3W859|kenichi-the-mightiest-disciple|KenIchi: The Mightiest Disciple
k|GY49D29ZR|kenka-bancho-otome--girl-beats-boys-|Kenka Bancho Otome -Girl Beats Boys-
k|G6KEDW0W6|key-the-metal-idol|Key the Metal Idol
k|G62PVK096|kiddy-grade|Kiddy Grade
k|GY195XGZR|kiitaros-yokai-picture-diary|Kiitaro's yokai picture diary
k|GY8VM43GY|kill-la-kill|Kill la Kill
k|G6ZJMNX8Y|kimagure-orange-road|Kimagure Orange Road
k|GRDQVVNGY|kimi-ni-todoke---from-me-to-you|Kimi ni Todoke - From Me To You
k|GY1XE7VGY|king-of-prism--shiny-seven-stars-|KING OF PRISM -Shiny Seven Stars-
k|GRWE89KMR|kingdom|Kingdom
k|GY8V73KJY|kings-game|King's Game
k|GEXH3W44W|kings-raid-successors-of-the-will|KING's RAID: Successors of the Will
k|GY5VGNM0Y|kinos-journey--the-beautiful-world--the-animated-series|Kino's Journey -the Beautiful World- the Animated Series
k|G6W47P0ER|kira-kiraprecure-a-la-mode|KIRA KIRA☆PRECURE A LA MODE
k|GNVHKN854|kiratto-prichan|Kiratto Pri☆chan
k|G65VXM1P6|kiss-him-not-me|Kiss Him, Not Me
k|GJ0H7Q443|kiyo-in-kyoto-from-the-maiko-house|Kiyo in Kyoto: From the Maiko House
k|GYNQPV08Y|kiznaiver|KIZNAIVER
k|G0XHWM577|kizuna-no-allele|Kizuna no Allele
k|GYX08020R|knights--magic|Knight’s & Magic
k|GEXH3WKNN|knights-of-sidonia|Knights of Sidonia
k|G0XHWM5X2|kochoki|Kochoki
k|G6P81Z916|koihime-musou|Koihime Musou
k|GG5H5X7ZE|koikimo|Koikimo
k|G6X03MWPY|komori-san-cant-decline|Komori-san Can't Decline!
k|G6Q4MZ8GR|kono-aozora-ni-yakusoku-wo|Kono Aozora ni Yakusoku wo
k|GRJ05PZ0Y|kono-oto-tomare-sounds-of-life|Kono Oto Tomare!: Sounds of Life
k|GY5VGXG0Y|konohana-kitan|KONOHANA KITAN
k|GJ0H7Q5V7|konosuba--an-explosion-on-this-wonderful-world|KONOSUBA -An Explosion on This Wonderful World!
k|GYE5K3GQR|konosuba--gods-blessing-on-this-wonderful-world|KONOSUBA -God's blessing on this wonderful world!
k|GYWEK9KNY|koro-sensei-quest|Koro Sensei Quest!
k|G6JQKWZ4R|kotoura-san|Kotoura-San
k|GRGGJ4DWR|kowabon|KOWABON
k|GQWH0M990|kuma-kuma-kuma-bear|Kuma Kuma Kuma Bear
k|G649445JY|kumamiko--girl-meets-bear|Kumamiko -Girl Meets Bear
k|GYMGNKK7Y|kurau-phantom-memory|Kurau Phantom Memory
k|GNVHKN9Z2|kurayukaba--kuramerukagari|Kurayukaba & Kuramerukagari
k|G62P48X56|kurokos-basketball|Kuroko's Basketball
k|GYNVW44WR|kyo-kara-maoh|Kyo Kara Maoh
k|GR9PX1316|kyousougiga|Kyousougiga
l|GY8VX351Y|ladies-versus-butlers|Ladies Versus Butlers
l|GRWEW95KR|laid-back-camp|Laid-Back Camp
l|GYMGPQ3ZY|lance-n-masques|Lance N' Masques
l|GVDHX8JZE|lapis-relights|Lapis Re:LiGHTs
l|GY5VZ9PEY|last-exile|Last Exile
l|GRZJ7W0D6|last-period-the-journey-to-the-end-of-the-despair|Last Period: the journey to the end of the despair
l|G69VGQX3Y|lastexile--fam-the-silver-wing|LASTEXILE -Fam, the Silver Wing
l|G6XJ0518R|late-night-the-genius-bakabon|Late night! The Genius Bakabon
l|GYDQ2NXK6|laughing-under-the-clouds|Laughing Under the Clouds
l|G24H1N81X|lbx-girls|LBX Girls
l|G0XHWM5V4|lees-detective-agency|Lee's Detective Agency
l|G9VHN91ZP|legend-of-mana--the-teardrop-crystal-|Legend of Mana -The Teardrop Crystal-
l|GRW4DXNEY|legend-of-the-galactic-heroes-die-neue-these|Legend of the Galactic Heroes: Die Neue These
l|GW4HM7W0Q|let-me-check-the-walkthrough-first|Let Me Check the Walkthrough First
l|GQWH0M434|lets-make-a-mug-too|Let's Make a Mug Too
l|G6WEM2DJ6|leviathan--the-last-defense-|Leviathan -The Last Defense-
l|GXJHM3G34|liar-liar|Liar, Liar
l|GYKE9JW1Y|libra-of-nil-admirari|Libra of Nil Admirari
l|GRDQ40W1Y|library-war|Library War
l|GNVHKN75X|life-lessons-with-uramichi-oniisan|Life Lessons with Uramichi Oniisan
l|GQWH0M90V|life-with-an-ordinary-guy-who-reincarnated-into-a-total-fantasy-knockout|Life With an Ordinary Guy Who Reincarnated Into a Total Fantasy Knockout
l|GYVNDKK06|lilpri|Lilpri
l|GP5HJ8E81|link-click|Link Click
l|G6X03JPMY|lisa-tv|LiSA TV
l|G8DHV7E4G|listeners|Listeners
l|GY9P3ME4R|locodol|Locodol
l|GRVNMG93Y|log-horizon|Log Horizon
l|G67529WMR|looking-up-at-the-half-moon|Looking Up at the Half-Moon
l|GRG5X224R|lord-el-melloi-iis-case-files-rail-zeppelin-grace-note|Lord El-Melloi II's Case Files {Rail Zeppelin} Grace note
l|GYWEZN1NY|lord-marksman-and-vanadis|Lord Marksman and Vanadis
l|GRVDN2JPR|lord-of-vermilion-the-crimson-king|Lord of Vermilion: The Crimson King
l|GYP81WDMY|lost-universe|Lost Universe
l|GRMG1E35R|lostorage-incited-wixoss|Lostorage incited WIXOSS
l|GEXH3WG78|love-after-world-domination|Love After World Domination
l|GKEH2G4MW|love-all-play|Love All Play
l|GQWH0M4NN|love-hina-again|Love Hina Again
l|G6P8QX856|love-is-like-a-cocktail|Love is Like a Cocktail
l|GRWEMVNQR|love-lab|Love Lab
l|G63W41WQ6|love-live-nijigasaki-high-school-idol-club|Love Live! Nijigasaki High School Idol Club
l|GRZX4X5MY|love-live-school-idol-project|Love Live! School Idol Project
l|GRWEX4X8R|love-live-sunshine|Love Live! Sunshine!!
l|G3KHEVPWE|love-live-superstar|Love Live! Superstar!!
l|G0XHWM0XW|love-of-kill|Love of Kill
l|G6VN4V7ZR|love-rice|Love Rice
l|GRP8DPXMR|love-stage|Love Stage!!
l|GR8DW3J9R|love-to-lie-angle|Love To-LIE-Angle
l|G6NQ59GG6|love-tyrant|Love Tyrant
l|GR79XXJV6|lovely-complex|Lovely Complex
l|G6NQX5P06|lovely-muuuuuuuco|Lovely Muuuuuuuco!
l|G1XHJV22X|lucifer-and-the-biscuit-hammer|Lucifer and the Biscuit Hammer
l|GY8V7NP8Y|lucky-star|Lucky Star
l|GYKE9NP1Y|lupin-the-3rd-part-5|LUPIN THE 3rd PART 5
l|G6GG9E9E6|lupin-the-3rd-part4|LUPIN THE 3rd PART4
l|GY795JDZR|lupin-the-third---the-woman-called-fujiko-mine|Lupin the Third - The Woman Called Fujiko Mine
l|G6X01XXKY|lupin-the-third-part-1|Lupin the Third Part 1
l|GRX031256|lupin-the-third-part-2|Lupin the Third Part 2
l|G6X034P0Y|lupin-the-third-part-3|Lupin the Third Part 3
l|GRK5KDJ86|lychee-light-club|Lychee Light Club
l|G1XHJV2X9|lycoris-recoil|Lycoris Recoil
m|G6P84X3K6|maerchen-maedchen|Maerchen Maedchen
m|GKEH2G5P7|maesetsu-opening-act|Maesetsu! Opening Act
m|GG5H5X0Q2|magatsu-wahrheit|MAGATSU WAHRHEIT
m|GY09XN14Y|magi|Magi
m|G6QWDD096|magia-record-puella-magi-madoka-magica-side-story|Magia Record: Puella Magi Madoka Magica Side Story
m|GRDQN0M9Y|magic-kaito-1412|Magic Kaito 1412
m|G1XHJV270|magic-knight-rayearth|Magic Knight Rayearth
m|G6Q4MKD4R|magic-kyun-renaissance|Magic-Kyun! Renaissance
m|G63VJXPQY|magic-users-club|Magic User's Club
m|G63VXK2NY|magical-circle-guru-guru|MAGICAL CIRCLE GURU-GURU
m|GZJH3D01P|magical-destroyers|Magical Destroyers
m|G6P5WP3G6|magical-girl-ore|Magical Girl Ore
m|GRQ4MKN4Y|magical-girl-raising-project|Magical Girl Raising Project
m|GR5PZ3P3R|magical-girl-spec-ops-asuka|Magical Girl Spec-Ops Asuka
m|GRG5W78WR|magical-sempai|Magical Sempai
m|GY2PE0J5Y|magical-somera-chan|Magical Somera-chan
m|GRJQ0888Y|magicians-academy|Magicians Academy
m|G6DQ137WR|magikano|Magikano
m|GR49140W6|magimoji-rurumo|Magimoji Rurumo
m|G1XHJVE9P|mahjong-soul-pon|Mahjong Soul Pon☆
m|G1XHJV8PX|mahoraba-heartful-days|Mahoraba ~Heartful Days~
m|GR49M8GQ6|mahou-shoujo-nante-mouiidesukara|Mahou Shoujo Nante Mouiidesukara
m|G6JQ2QQER|mahou-shoujo-naria-girls|Mahou Shoujo? Naria Girls
m|GRJQVKQWY|majin-bone|Majin Bone
m|G6P5WVEQ6|major-2nd|MAJOR 2nd
m|G6VNMPN5R|makai-ouji-devils-and-realist|Makai Ouji: Devils and Realist
m|GRZXGP4VY|maken-ki|Maken-ki!
m|GYJQ8G4V6|makeruna-aku-no-gundan|Makeruna!! Aku no Gundan!
m|G6DQN778R|makuranodanshi|makuranodanshi
m|GDKHZEPW1|malevolent-spirits-mononogatari|Malevolent Spirits: Mononogatari
m|GR5VJEX5R|mangirl|Mangirl!
m|G0XHWM1VK|manyu-scroll|Manyu Scroll
m|G63VWP9VY|maoyu|Maoyu
m|GRVNXWQZY|march-comes-in-like-a-lion|March comes in like a lion
m|G6WEK75J6|marginal-4-the-animation|MARGINAL #4 the Animation
m|G1XHJV08V|marginal-prince|Marginal Prince
m|GQWH0MD5X|maria-the-virgin-witch|Maria the Virgin Witch
m|G6EX2559R|marmalade-boy|Marmalade Boy
m|GKEH2G472|mars-red|MARS RED
m|GYNQD7MQY|martian-successor-nadesico|Martian Successor Nadesico
m|GYX02P3MR|masamune-kuns-revenge|Masamune-kun's Revenge
m|GDKHZEP8W|mashle-magic-and-muscles|MASHLE: MAGIC AND MUSCLES
m|GRGG9XVPR|mazinger-edition-z|Mazinger Edition Z
m|GKEH2G031|me--roboco|ME & ROBOCO
m|G79H23KPN|megabeast-investigator-juspion|Megabeast Investigator Juspion
m|GR4PVJ1WY|megalobox|MEGALOBOX
m|GW4HM7W4Q|meiji-gekken-1874|Meiji Gekken: 1874
m|GR4PD7WQY|meiji-tokyo-renka|Meiji Tokyo Renka
m|G62PJ4X26|meow-meow-japanese-history|Meow Meow Japanese History
m|GYG5V5Z4Y|merc-storia-the-apathetic-boy-and-the-girl-in-a-bottle|Merc StoriA: The Apathetic Boy and the Girl in a Bottle
m|G24H1NWMJ|metallic-rouge|Metallic Rouge
m|GEXH3W2W7|mf-ghost|MF GHOST
m|G6Q4Z8PQR|michiko--hatchin|Michiko & Hatchin
m|G6XJNXZ2R|midnight-eye-goku|Midnight Eye Goku
m|GR4PX80WY|midnight-occult-civil-servants|Midnight occult civil servants
m|GEXH3WK52|mieruko-chan|Mieruko-chan
m|GJ0H7QGKK|migidali|Migi&Dali
m|GRQ42KD7Y|mikagura-school-suite|Mikagura School Suite
m|G609GX1M6|military|Military!
m|GR79JDP46|million-arthur|Million Arthur
m|GY8VXV1JY|million-doll|Million Doll
m|GQWH0M18K|mina|Mina
m|GYDQMPE46|minami-kamakura-high-school-girls-cycling-club|Minami Kamakura High School Girls Cycling Club
m|GY5VK2KKY|mischievous-kiss---love-in-tokyo|Mischievous Kiss - Love in Tokyo
m|G6E51Q71Y|mischievous-kiss-2---love-in-tokyo|Mischievous Kiss 2 - Love in Tokyo
m|G6Q4MWK2R|miss-bernard-said|Miss Bernard said.
m|GNVHKN77P|miss-caretaker-of-sunohara-sou|Miss Caretaker of Sunohara-sou
m|G6497Z43Y|miss-kobayashis-dragon-maid|Miss Kobayashi's Dragon Maid
m|G0XHWM0G9|miss-kuroitsu-from-the-monster-development-department|Miss KUROITSU from the Monster Development Department
m|G68VJ2046|miss-machiko|Miss Machiko
m|GRE5M2GX6|miss-monochrome---the-animation|Miss Monochrome - The Animation
m|GG5H5XEJ7|miss-shachiku-and-the-little-baby-ghost|Miss Shachiku and the Little Baby Ghost
m|GRZX822VY|mitchiri-neko|Mitchiri Neko
m|GY9VK9PWR|mix|MIX
m|GY190DKQR|mob-psycho-100|Mob Psycho 100
m|GY8V5PQ8Y|mobile-fighter-g-gundam|Mobile Fighter G Gundam
m|GKEH2G9XV|mobile-suit-gundam|Mobile Suit Gundam
m|G6MGQ0976|mobile-suit-gundam-00|MOBILE SUIT GUNDAM 00
m|GYQ4QK446|mobile-suit-gundam-iron-blooded-orphans|Mobile Suit GUNDAM Iron Blooded Orphans
m|GYWEQQD2Y|mobile-suit-gundam-seed|Mobile Suit Gundam Seed
m|G63VZZDEY|mobile-suit-gundam-seed-destiny|Mobile Suit Gundam Seed Destiny
m|G3KHEV0NW|mobile-suit-gundam-the-origin|MOBILE SUIT GUNDAM THE ORIGIN
m|G60X0KVGR|mobile-suit-gundam-the-origin-advent-of-the-red-comet|MOBILE SUIT GUNDAM THE ORIGIN Advent of the Red Comet
m|G79H2307W|mobile-suit-gundam-the-witch-from-mercury|Mobile Suit Gundam the Witch from Mercury
m|G6MGP9W76|mobile-suit-gundam-unicorn-re0096|MOBILE SUIT GUNDAM UNICORN RE:0096
m|G63VP3PMY|mobile-suit-gundam-wing|Mobile Suit Gundam Wing
m|G0XHWM435|mobile-suit-gundam-zz|Mobile Suit Gundam ZZ
m|GXJHM3P5W|mobile-suit-zeta-gundam|Mobile Suit Zeta Gundam
m|GRVDN19XR|moeyo-ken|Moeyo Ken
m|GYW47E7N6|mon-colle-knights|Mon Colle Knights
m|GQWH0MPNM|mongolian-chop-squad|Mongolian Chop Squad
m|GYWEMJ1GY|monogatari-second-season|Monogatari Second Season
m|GQWH0M1MK|mononoke|Mononoke
m|G60XNJW4R|monster-girl-doctor|Monster Girl Doctor
m|G6K5X43PY|monster-hunter-stories-ride-on|Monster Hunter Stories Ride On
m|G619JM99Y|monster-strike|Monster Strike
m|GJ0H7Q5N3|more-than-a-married-couple-but-not-lovers|More than a Married Couple, but Not Lovers.
m|GXJHM379D|moriarty-the-patriot|Moriarty the Patriot
m|G69PVZG0Y|moritasan-wa-mukuchi|Moritasan wa Mukuchi
m|GR751MQ4Y|moyashimon|Moyashimon
m|GYZJNKZVR|mr-love-queens-choice|Mr Love: Queen's Choice
m|GYQ4Q3DP6|mr-osomatsu|Mr. Osomatsu
m|GRZJXWD36|mr-tonegawa-middle-management-blues|Mr. TONEGAWA Middle Management Blues
m|GXJHM3GV4|mr-villains-day-off|Mr. Villain's Day Off
m|G675XDGNR|ms-koizumi-loves-ramen-noodles|Ms. Koizumi Loves Ramen Noodles
m|GYQW9J0ZY|ms-vampire-who-lives-in-my-neighborhood|Ms. Vampire who lives in my neighborhood.
m|GR3KV03WR|muhyo--rojis-bureau-of-supernatural-investigation|Muhyo & Roji's Bureau of Supernatural Investigation
m|G63KKJVW6|murder-princess|Murder Princess
m|G6X0MVGKY|muromi-san|Muromi-san
m|GKEH2GQ4V|musasi-no|Musasi-no
m|GRX0MGN76|mushi-shi|MUSHI-SHI
m|G6P8XKXK6|mushi-uta|Mushi-Uta
m|G65VJVG56|mushibugyo|Mushibugyo
m|G24H1N3MP|mushoku-tensei-jobless-reincarnation|Mushoku Tensei: Jobless Reincarnation
m|GYW4E1WN6|music-girls|Music Girls
m|GVDHX8Q8P|muteking-the-dancing-hero|MUTEKING THE Dancing HERO
m|GVDHX8PP9|muv-luv-alternative|Muv-Luv Alternative
m|GMEHME8K8|my-clueless-first-friend|My Clueless First Friend
m|G5PHNM9M5|my-daughter-left-the-nest-and-returned-an-s-rank-adventurer|My Daughter Left the Nest and Returned an S-Rank Adventurer
m|GQWH0M9N8|my-dress-up-darling|My Dress-Up Darling
m|G675N15MR|my-first-girlfriend-is-a-gal|My First Girlfriend is a Gal
m|G6NQ5DWZ6|my-hero-academia|My Hero Academia
m|G60X904VR|my-hime|My-HiME
m|GG5H5X389|my-home-hero|My Home Hero
m|G6MG8P1W6|my-little-monster|My Little Monster
m|G6MGPGZ86|my-love--story|MY love  STORY!!
m|GNVHKNPQ7|my-love-story-with-yamada-kun-at-lv999|My Love Story with Yamada-kun at Lv999
m|GYNQJ2GJY|my-mental-choices-are-completely-interfering-with-my-school-romantic-comedy|My Mental Choices are Completely Interfering with my School Romantic Comedy
m|G0XHWM1ZK|my-new-boss-is-goofy|My New Boss is Goofy
m|GY5PW4JEY|my-next-life-as-a-villainess-all-routes-lead-to-doom|My Next Life as a Villainess: All Routes Lead to Doom!
m|G5PHNM717|my-one-hit-kill-sister|My One-Hit Kill Sister
m|G0XHWM5WQ|my-otome|My-Otome
m|G6EX7J43R|my-roommate-is-a-cat|My Roommate is a Cat
m|GP5HJ815K|my-senpai-is-annoying|My Senpai Is Annoying
m|G6245PG7Y|my-sister-my-writer|My Sister, My Writer
m|G0XHWM44M|my-stepmoms-daughter-is-my-ex|My Stepmom's Daughter Is My Ex
m|G64PVJJ1R|my-sweet-tyrant|My Sweet Tyrant
m|GYNQJ8GXY|my-teen-romantic-comedy-snafu|My Teen Romantic Comedy SNAFU
m|G79H23Z45|my-tiny-senpai|My Tiny Senpai
m|G1XHJV0VV|my-unique-skill-makes-me-op-even-at-level-1|My Unique Skill Makes Me OP even at Level 1
m|GYP8XN95Y|my-wife-is-the-student-council-president|My Wife is the Student Council President
m|G609G0PP6|myriad-colors-phantom-world|Myriad Colors Phantom World
m|GYP817ZDY|myself-yourself|Myself; Yourself
m|GYME20ZZ6|mysteria-friends|MYSTERIA Friends
m|G1XHJV03M|mysterious-disappearances|Mysterious Disappearances
n|G3KHEV0E4|nabari-no-ou|Nabari no Ou
n|G63K9Q9X6|nagasarete-airanto|Nagasarete Airanto
n|GRNQJ57XR|nagi-no-asukara-nagi-asu-a-lull-in-the-sea|Nagi no Asukara (Nagi-Asu: A Lull in the Sea)
n|G679JN2KY|namuamidabutsu--utena-|NAMUAMIDABUTSU! -UTENA-
n|GY3V7KGVR|nananas-buried-treasure|Nanana's Buried Treasure
n|G6K5PP7EY|nanbaka|NANBAKA
n|GY9PJ5KWR|naruto|Naruto
n|GYQ4MW246|naruto-shippuden|Naruto Shippuden
n|GR9PV4ED6|naruto-spin-off-rock-lee--his-ninja-pals|NARUTO Spin-Off: Rock Lee & His Ninja Pals
n|GYGGPPW7Y|natsume-yujin-cho|Natsume Yujin-cho
n|GRE5XQJV6|natsume-yujin-cho-4|Natsume Yujin-cho 4
n|GR09QXWGR|natsume-yujin-cho-5|Natsume Yujin-cho 5
n|G6P8GKKJ6|natsume-yujin-cho-6|Natsume Yujin-cho 6
n|G6490VQPY|nazotokine|Nazotokine
n|GY49M09ZR|nekomonogatari-black|Nekomonogatari Black
n|GVDHX8J8Z|nekopara|Nekopara
n|G6X0490PY|neo-angelique-abyss|Neo Angelique Abyss
n|G609E9EW6|netsuzou-trap--ntr-|Netsuzou Trap -NTR-
n|GRWE2PQQR|new-game|NEW GAME!
n|GRKE7JQ1R|ng-knight-lamune--40|NG Knight Lamune & 40
n|GR24PVM76|nichijou---my-ordinary-life|Nichijou - My Ordinary Life
n|GNVHKNPW1|nierautomata-ver11a|NieR:Automata Ver1.1a
n|GEXH3WPXK|night-head-2041|NIGHT HEAD 2041
n|GW4HM75PP|nijiyon-animation|NIJIYON ANIMATION
n|G24H1N8ZN|ningen-fushin-adventurers-who-dont-believe-in-humanity-will-save-the-world|Ningen Fushin: Adventurers Who Don't Believe in Humanity Will Save the World
n|GR0XNW22Y|ninja-collection|Ninja Collection
n|GR09Q10GR|ninja-girl--samurai-master|Ninja Girl & Samurai Master
n|G69PMKJ0Y|ninja-nonsense|Ninja Nonsense
n|GMEHMENP7|ninja-scroll-the-series|Ninja Scroll: The Series
n|GR19NK216|nisekoi|Nisekoi
n|G6K5K358Y|nisemonogatari|Nisemonogatari
n|G8DHV72EJ|no-guns-life|No Guns Life
n|G64G2VDPR|noblesse|Noblesse
n|GYGG9Z2WY|noblesse-awakening|Noblesse: Awakening
n|GYWEZE70Y|nobunaga-concerto|Nobunaga Concerto
n|GRVD1PE0R|nobunaga-teachers-young-bride|Nobunaga teacher's young bride
n|G68V12076|nobunagun|Nobunagun
n|GY49XQ3PR|noein-to-your-other-self|Noein: To Your Other Self
n|G6X0484KY|nogizaka-haruka-no-himitsu|Nogizaka Haruka no Himitsu
n|G6E5X9K1Y|nogizaka-haruka-no-himitsu---purezza--|Nogizaka Haruka no Himitsu - Purezza -
n|GR19PXG06|noir|Noir
n|G63VW2VWY|non-non-biyori|Non Non Biyori
n|G6WEV3WM6|noragami|Noragami
n|G6G5MEE16|null--peta|Null & Peta
n|G3KHEVQ0G|number24|number24
n|GRQ4QE79Y|nyanbo|Nyanbo!
n|G6P83KDJ6|nyanko-days|Nyanko Days
n|GR5PH0059|nyanpire---the-vampire-cat|Nyanpire - The Vampire Cat
n|G6VNM3EDR|nyarko-san-another-crawling-chaos|Nyarko-san: Another Crawling Chaos
o|GP5HJ857Q|obey-me|Obey Me!
o|GXJHM3GDX|oblivion-battery|Oblivion Battery
o|GY75279J6|occulticnine|Occultic;Nine
o|GRJ0XX20Y|oda-cinnamon-nobunaga|Oda Cinnamon Nobunaga
o|G4PH0WPV2|oddtaxi|ODDTAXI
o|G3KHEVDV7|offside|OFFSIDE
o|GYP8J739Y|oh-edo-rocket|Oh! Edo Rocket
o|G8DHV7KNW|oh-suddenly-egyptian-god|Oh, Suddenly Egyptian God
o|GR2PEVP2R|ojisan-and-marshmallow|Ojisan and Marshmallow
o|GR19EKQV6|okami-san-and-her-seven-companions|Okami-san and Her Seven Companions
o|G609Z3VE6|omamori-himari|Omamori Himari
o|GY8VN1Z9Y|onara-goro|Onara Goro
o|GRMG8ZQZR|one-piece|One Piece
o|GRDQVM3KY|onee-chan-ga-kita|Onee-chan ga Kita
o|G6K5JGZ1Y|oneroom|OneRoom
o|GRNQZ8EZR|oniai|OniAi
o|G0XHWMV75|onihei|ONIHEI
o|GZJH3D0P5|onimai-im-now-your-sister|ONIMAI: I'm Now Your Sister!
o|G69XGJXJR|onyx-equinox|Onyx Equinox
o|GY5VXNN7Y|ooya-san-wa-shishunki|Ooya-san wa Shishunki!
o|GVDHX8Q91|opuscolors|Opus.COLORs
o|GRVNXW75Y|orange|Orange
o|G6Q4KKGER|oreca-battle|ORECA BATTLE
o|GYQ4WX036|oreimo|Oreimo
o|GRMGDX75R|orenchi-no-furo-jijo|Orenchi no Furo Jijo
o|GR751Q8NY|oreshura|Oreshura
o|GY8DP4JDY|oresuki-are-you-the-only-one-who-loves-me|ORESUKI Are you the only one who loves me?
o|GXJHM3G47|orguss|ORGUSS
o|GVDHX8PMM|orient|ORIENT
o|G24H1N21Q|osamake-romcom-where-the-childhood-friend-wont-lose|Osamake: Romcom Where The Childhood Friend Won't Lose
o|GR9VEP986|osomatsu-kun|Osomatsu-kun
o|GEXH3WGGV|otherside-picnic|Otherside Picnic
o|GYDQK7WZ6|otome-yokai-zakuro|Otome Yokai Zakuro
o|G5PHNM9G5|our-dating-story-the-experienced-you-and-the-inexperienced-me|Our Dating Story: The Experienced You and The Inexperienced Me
o|GVDHX8ZD0|our-last-crusade-or-the-rise-of-a-new-world|Our Last Crusade or the Rise of a New World
o|GRJQM5M0Y|our-love-has-always-been-10-centimeters-apart|Our love has always been 10 centimeters apart.
o|GRGGJWD2R|ouran-high-school-host-club|Ouran High School Host Club
o|G69PZ5PDY|overlord|Overlord
o|G9VHN9Q4N|overtake|OVERTAKE!
o|GR09G787R|owarimonogatari|OWARIMONOGATARI
o|GRK5PDW96|ozmafia|OZMAFIA!!
p|GR49M5536|pan-de-peace|Pan de Peace!
p|GR751Q2ZY|pandorahearts|PandoraHearts
p|GDKHZEJ9G|pani-poni-dash|Pani Poni Dash!
p|GYNV02MJR|panty--stocking-with-garterbelt|Panty & Stocking with Garterbelt
p|G3KHEVD87|paradox-live-the-animation|Paradox Live THE ANIMATION
p|G24H1NJJD|parallel-world-pharmacy|Parallel World Pharmacy
p|G5PHNMW8E|paranoia-agent|Paranoia Agent
p|GRGGP17PR|parasite-dolls|Parasite Dolls
p|G6K53VGGY|parasyte--the-maxim-|Parasyte -the maxim-
p|GY0XZ8276|pastel-memories|Pastel Memories
p|GYX08Q77R|peacemaker|Peacemaker
p|GG5H5XM84|peach-boy-riverside|Peach Boy Riverside
p|GZJH3DJ4X|peach-girl|Peach Girl
p|G609XQWG6|peeping-life|Peeping Life
p|GR9P3GND6|persona4-the-golden-animation|Persona4 the Golden ANIMATION
p|G6VDWKM76|persona5-the-animation|PERSONA5 the Animation
p|GVDHX8QQ5|persona5-the-stage|PERSONA5 the Stage
p|GYE5XGK9R|pes-peace-eco-smile|PES: Peace Eco Smile
p|G60XNWQVR|peter-grill-and-the-philosophers-time|Peter Grill and the Philosopher's Time
p|G8DHV7EJV|phantasy-star-online-2-episode-oracle|Phantasy Star Online 2: Episode Oracle
p|G63KVZV46|phantom-in-the-twilight|Phantom in the Twilight
p|GREXE97QY|phantom-requiem-for-the-phantom|Phantom: Requiem for the Phantom
p|G609XMXW6|phantom-thief-reinya|Phantom Thief Reinya
p|G64PE3D0R|phoenix|Phoenix
p|GR0XKD30Y|photon-the-idiot-adventures|Photon the Idiot Adventures
p|G6P83KZM6|piacevole|Piacevole
p|GRNQZ5XWR|pikotaros-lullaby-la-la-by|Pikotaro's LULLABY LA LA BY
p|G63VX0WXY|pilot-candidate|Pilot Candidate
p|GRJQV0N3Y|ping-pong-the-animation|Ping Pong the Animation
p|GR75KN0ZY|pita-ten|Pita-Ten
p|G6DKQ81GR|planet-with|Planet With
p|G5PHNM7M1|planetarian|Planetarian
p|GRJQVX93Y|plastic-memories|Plastic Memories
p|G8DHV722J|platinum-end|Platinum End
p|G9VHN912P|play-it-cool-guys|Play It Cool, Guys
p|G6GG2JJP6|please-teacher|Please Teacher!
p|GY5VX8M8Y|please-tell-me-galko-chan|Please tell me! Galko-chan
p|GY3VJ9ZDR|please-twins|Please Twins!
p|GNVHKN70Z|plunderer|Plunderer
p|GRMG1EP8R|pocos-udon-world|Poco's Udon World
p|G65VP5ZK6|polar-bear-cafe|Polar Bear Cafe
p|GJ0H7Q8Z1|police-in-a-pod|Police in a Pod
p|G69P1K90Y|pop-team-epic|Pop Team Epic
p|GXJHM3G84|power-of-hope-precure-full-bloom|Power of Hope ~Precure Full Bloom~
p|GRQ4WE4GY|poyopoyo|Poyopoyo
p|G6X0J185Y|precure|Precure
p|GRWE8VK0R|pretear|Pretear
p|GQWH0M9P0|pretty-boy-detective-club|Pretty Boy Detective Club
p|GYEX555Q6|prince-of-stride-alternative|Prince of Stride: Alternative
p|G6QW1E876|princess-connect-re-dive|Princess Connect! Re: Dive
p|GYXJJJ806|princess-jellyfish|Princess Jellyfish
p|GR49MWD06|princess-knight|Princess Knight
p|GR75K88JY|princess-nine|Princess Nine
p|GRJQ1QMDY|prison-school|Prison School
p|G24H1NJ7X|prison-school-live-action|Prison School (Live Action)
p|G6Q49G21R|problem-children-are-coming-from-another-world-arent-they|Problem Children are Coming from Another World, aren't they?
p|G6GGZQ5W6|project-blue-earth-sos|Project Blue Earth SOS
p|G4PH0WJ4Q|protocol-rain|Protocol: Rain
p|G5PHNMJM9|psychic-princess|Psychic Princess
p|GR75253JY|psycho-pass|PSYCHO-PASS
p|GVDHX8V05|psycho-pass-sinners-of-the-system|Psycho-Pass: Sinners of the System
p|GRDQK39GY|puella-magi-madoka-magica|Puella Magi Madoka Magica
p|G675N0DZR|pumpkin-scissors|Pumpkin Scissors
p|GR9P3Q4V6|punch-line|PUNCH LINE
p|G3KHEV77Z|puraora-pride-of-orange|PuraOra! PRIDE OF ORANGE
p|GYWEX4MEY|puzzle--dragons-x|Puzzle & Dragons X
q|G649023EY|qualidea-code|Qualidea Code
r|GYWE41N8Y|r-15|R-15
r|G6W4MEZ0R|radiant|RADIANT
r|G65V1MND6|ragnarok---the-animation|Ragnarok - The Animation
r|G6GVN11W6|rail-romanesque|Rail Romanesque
r|G8DHV78Q4|rainbow|Rainbow
r|G65VGN136|rainy-cocoa|Rainy Cocoa
r|GYKE2J2MY|rainy-cocoa-sideg|Rainy Cocoa sideG
r|G6JQ2ZEDR|ramen-fighter-miki|Ramen Fighter Miki
r|GRVD9Z47R|rampo-kitan-game-of-laplace|Rampo Kitan: Game of Laplace
r|G79H23W70|ranking-of-kings|Ranking of Kings
r|GYW4MG9G6|rascal-does-not-dream-of-bunny-girl-senpai|Rascal Does Not Dream of Bunny Girl Senpai
r|GP5HJ8E99|raven-of-the-inner-palace|Raven of the Inner Palace
r|GEXH3WKZ3|re-main|RE-MAIN
r|GRNQ13VQR|reborn|REBORN!
r|GVDHX8504|reborn-as-a-vending-machine-i-now-wander-the-dungeon|Reborn as a Vending Machine, I Now Wander the Dungeon
r|GQWH0MP94|reborn-to-master-the-blade-from-hero-king-to-extraordinary-squire|Reborn to Master the Blade: From Hero-King to Extraordinary Squire
r|GYJQXM056|record-of-grancrest-war|Record of Grancrest War
r|G6KE59GE6|record-of-lodoss-war|Record of Lodoss War
r|GY49PE8WR|recorder-and-randsell|Recorder and Randsell
r|GR49WNQE6|recovery-of-an-mmo-junkie|Recovery of an MMO Junkie
r|GYK5WP98R|red-data-girl|Red Data Girl
r|GRJQ582WY|red-garden|Red Garden
r|G1XHJVW55|regalia-the-three-sacred-stars|Regalia: The Three Sacred Stars
r|GEXH3W2Z7|reign-of-the-seven-spellblades|Reign of the Seven Spellblades
r|GY5VE008Y|relife|ReLIFE
r|GKEH2GZX9|remake-our-life|Remake Our Life!
r|GNVHKN952|remonster|Re:Monster
r|G6QWV3976|rent-a-girlfriend|Rent-a-Girlfriend
r|G9VHN9PG0|requiem-of-the-rose-king|Requiem of the Rose King
r|GRG55QXDR|rerided---derrida-who-leaps-through-time|RErideD - Derrida, who leaps through time
r|GR49493P6|restaurant-to-another-world|Restaurant to Another World
r|G8DHV7425|revenger|Revenger
r|GMEHME58K|revolutionary-girl-utena|Revolutionary Girl Utena
r|GRK5P9W76|rewrite|Rewrite
r|GRGG9798R|rezero--starting-life-in-another-world-|Re:ZERO -Starting Life in Another World-
r|GYK5PDM8R|rezero--starting-life-in-another-world--shorts|Re:ZERO -Starting Life in Another World- Shorts
r|GQWH0MPW2|rideback|RideBack
r|GRK52WP96|rin-daughters-of-mnemosyne|RIN ~Daughters of Mnemosyne~
r|GR8DZQZ7R|rinshi-ekodachan|Rinshi!! Ekodachan
r|G6X0JEM8Y|ristorante-paradiso|Ristorante Paradiso
r|GDKHZEPE5|robihachi|RobiHachi
r|GYP859EJY|robot-girls-z|Robot Girls Z
r|GEXH3WKDP|robotech|Robotech
r|G6X08VQ8Y|roboticsnotes|Robotics;Notes
r|GRVNEXKXY|rokka--braves-of-the-six-flowers-|Rokka -Braves of the Six Flowers-
r|GW4HM75QW|rokudos-bad-girls|Rokudo's Bad Girls
r|GYZXG2146|romeo-x-juliet|Romeo x Juliet
r|GNVHKN903|ron-kamonohashis-forbidden-deductions|Ron Kamonohashi's Forbidden Deductions
r|GRVD5JGPR|room-camp|ROOM CAMP
r|G6VN29D3R|room-mate|Room Mate
r|GKEH2G07K|root---route-of-oddtaxi--|RoOT - Route of OddTaxi -
r|GY8VPDE0Y|rosario--vampire|Rosario + Vampire
r|GY8VMEM8Y|rowdy-sumo-wrestler-matsutaro|Rowdy Sumo Wrestler Matsutaro
r|GMEHME4PQ|rpg-real-estate|RPG Real Estate
r|GVDHX8J7W|rumble-garanndoll|RUMBLE GARANNDOLL
r|G6ZXM399R|rumbling-hearts|Rumbling Hearts
r|G68DM2316|run-with-the-wind|Run with the Wind
r|G0XHWM1NK|rurouni-kenshin|Rurouni Kenshin
r|GG5H5XE5W|rusted-armors|Rusted Armors
r|GRNQJM89R|rwby|RWBY
r|GVDHX8JP2|rwby-ice-queendom|RWBY: Ice Queendom
s|GQWH0M4DM|s-cry-ed|s-CRY-ed
s|GRE51ZK86|sabagebu----survival-game-club|Sabagebu!  - Survival Game Club! –
s|G79H23V24|sabikui-bisco|SABIKUI BISCO
s|G0XHWM52V|sacrificial-princess-and-the-king-of-beasts|Sacrificial Princess and the King of Beasts
s|G6P8DM3Q6|saekano--how-to-raise-a-boring-girlfriend-|Saekano -How to Raise a Boring Girlfriend-
s|GR9P57W96|saga-of-tanya-the-evil|Saga of Tanya the Evil
s|GYX019NPR|sailor-moon-crystal|Sailor Moon Crystal
s|GKEH2G0G9|saint-cecilia-and-pastor-lawrence|Saint Cecilia and Pastor Lawrence
s|GRJQVJNXY|saint-seiya|Saint Seiya
s|GYZXDJ4X6|saint-seiya---soul-of-gold|Saint Seiya - Soul of Gold
s|GVDHX8JKG|saint-seiya-knights-of-the-zodiac|SAINT SEIYA: Knights of the Zodiac
s|GYQ4W12G6|saint-seiya-omega|Saint Seiya Omega
s|GRQW00KZR|saint-seiya-saintia-sho|Saint Seiya Saintia Sho
s|G65VP49P6|saint-seiya-the-lost-canvas|Saint Seiya The Lost Canvas
s|G3KHEV5NG|saiyuki-reload|Saiyuki Reload
s|G6ZXZXZ4R|saiyuki-reload-blast|SAIYUKI RELOAD BLAST
s|GRDQKN9DY|saki|Saki
s|GY5VJ243Y|saki-episode-of-side-a|Saki Episode of Side A
s|GP5HJ800Z|sakugan|SAKUGAN
s|G6JQ8GDVR|sakura-quest|Sakura Quest
s|GQWH0M72P|sakura-wars-the-animation|Sakura Wars the Animation
s|G9VHN9P99|salarymans-club|Salaryman’s Club
s|G6DK0K8KR|samurai-7|Samurai 7
s|G6WEK0026|samurai-champloo|Samurai Champloo
s|GYE5KDZPR|samurai-pizza-cats|Samurai Pizza Cats
s|G6493VPEY|samurai-troopers|Samurai Troopers
s|G63V729XY|samurai-warriors|Samurai Warriors
s|GP5HJ8EPW|sankarea|Sankarea
s|G6K54V11Y|sanrio-boys|SANRIO BOYS
s|G6G5JZ1D6|sarazanmai|Sarazanmai
s|GW4HM7GNK|sasaki-and-miyano|Sasaki and Miyano
s|G5PHNM935|sasaki-and-peeps|Sasaki and Peeps
s|GRK5ZZGW6|sasami-magical-girls-club|Sasami Magical Girls Club
s|GZJH3D0DK|save-me-lollipop|Save Me! Lollipop
s|G4PH0WEM2|saving-80000-gold-in-another-world-for-my-retirement|Saving 80,000 Gold in Another World for my Retirement
s|G1XHJVE2E|scar-on-the-praeter|Scar on the Praeter
s|GY5PVV08Y|scar-red-rider-xechs|Scar-red Rider XechS
s|GMEHME4J3|scarlet-nexus|Scarlet Nexus
s|G6Q41J24R|school-babysitters|School Babysitters
s|G62P4MG76|school-days|School Days
s|GDKHZEP41|school-rumble|School Rumble
s|G6GGKQX86|schoolgirl-strikers|Schoolgirl Strikers
s|GRE5KJ5N6|schwarzes-marken|Schwarzes Marken
s|G6P5MMXV6|science-fell-in-love-so-i-tried-to-prove-it|Science Fell in Love, So I Tried to Prove it
s|GR2PW5G7R|scorching-ping-pong-girls|Scorching Ping Pong Girls
s|G63VXDXNY|scrapped-princess|Scrapped Princess
s|G9VHN9W0V|sd-gundam-world-heroes|SD GUNDAM WORLD HEROES
s|GR9VQDV86|sd-gundam-world-sangoku-soketsuden|SD GUNDAM WORLD SANGOKU SOKETSUDEN
s|G0XHWM380|seirei-gensouki-spirit-chronicles|Seirei Gensouki: Spirit Chronicles
s|GR19G2W26|seiren|Seiren
s|GR19X8916|sekai-ichi-hatsukoi---worlds-greatest-first-love|Sekai Ichi Hatsukoi - World's Greatest First Love
s|GYNQX1DWY|sekko-boys|Sekko Boys
s|GXJHM3PQQ|selection-project|Selection Project
s|GRP8E5EQR|sengoku-basara---end-of-judgement|Sengoku BASARA - End of Judgement
s|GR3VW7XM6|sengoku-collection-parallel-world-samurai|Sengoku Collection (Parallel World Samurai)
s|G65VGXVQ6|sengoku-night-blood|SENGOKU NIGHT BLOOD
s|G3KHEVD57|sengoku-youko|Sengoku Youko
s|GRX0420P6|sengokuchojyugiga|SENGOKUCHOJYUGIGA
s|GR9PZ9ZE6|senran-kagura|Senran Kagura
s|GY4PGN7V6|senran-kagura-shinovi-master|SENRAN KAGURA SHINOVI MASTER
s|G61XE70G6|senryu-girl|Senryu Girl
s|GYWEMDGEY|senyu|Senyu
s|GR2PQ7J2R|servamp|SERVAMP
s|GRGGVZ0DR|servant-x-service|Servant x Service
s|GRMEJWQGY|seton-academy-join-the-pack|Seton Academy: Join the Pack!
s|GZJH3DNE5|seven-knights-revolution-hero-successor|SEVEN KNIGHTS REVOLUTION: Hero Successor
s|GY5VZ21KY|seven-mortal-sins|Seven Mortal Sins
s|GG5H5XMEP|sgt-frog|Sgt. Frog
s|G9VHN97VE|shachibato-president-its-time-for-battle|Shachibato! President, It's Time for Battle!
s|G1XHJVEXE|shadows-house|SHADOWS HOUSE
s|GYEX244X6|shadowverse|Shadowverse
s|GYW4EJZ26|shakugan-no-shana|Shakugan No Shana
s|GYDQV3D96|shamanic-princess|Shamanic Princess
s|G69P4W50Y|shangri-la|Shangri-la
s|G79H23Z8P|shangri-la-frontier|Shangri-La Frontier
s|G6JQZDKDR|shattered-angels|Shattered Angels
s|G675KN44R|she-and-her-cat--everything-flows-|She and Her Cat -Everything Flows-
s|GG5H5X070|she-professed-herself-pupil-of-the-wise-man|She Professed Herself Pupil of the Wise Man
s|GQWH0M94E|shenmue-the-animation|Shenmue the Animation
s|GR5VGVGGR|shigurui-death-frenzy|Shigurui: Death Frenzy
s|GNVHKN7M4|shikimoris-not-just-a-cutie|Shikimori's Not Just a Cutie
s|G6EXV1Z1R|shimoneta-a-boring-world-where-the-concept-of-dirty-jokes-doesnt-exist|SHIMONETA: A Boring World Where the Concept of Dirty Jokes Doesn’t Exist
s|G3KHEVQVQ|shin-ikki-tousen|Shin Ikki Tousen
s|G6P85VEV6|shin-koihime-musou|Shin Koihime Musou
s|GY8VDGZGY|shin-koihime-musou---otome-tairan|Shin Koihime Musou - Otome Tairan
s|GR2P51V8R|shin-sekai-yori-from-the-new-world|Shin Sekai Yori (From the New World)
s|G4PH0WZZ3|shine-on-bakumatsu-bad-boys|Shine on! Bakumatsu Bad Boys
s|GRMGPJN3R|shingu-secret-of-the-stellar-wars|Shingu: Secret of the Stellar Wars
s|G69P2XNWY|shining-tears-x-wind|Shining Tears X Wind
s|G6K5KWD7Y|shinobi-girl|Shinobi Girl
s|G5PHNM7KG|shinobi-no-ittoki|Shinobi no Ittoki
s|G6E5K32QY|shiratori-reiko|Shiratori Reiko
s|GZJH3DJMZ|shironeko-project-zero-chronicle|Shironeko Project ZERO Chronicle
s|GYNQXJDQY|shoku-king-motion-manga|SHOKU-KING (Motion Manga)
s|G8DHV728E|shomin-sample|Shomin Sample
s|GYNQXG12Y|shonen-ashibe-go-go-goma-chan|Shonen Ashibe GO! GO! Goma-chan
s|GVDHX8JZ2|shoot-goal-to-the-future|Shoot! Goal to the Future
s|GY7527GM6|show-by-rock|Show By Rock!!
s|GEXH3W4G4|show-by-rock-mashumairesh|SHOW BY ROCK!! Mashumairesh!!
s|GY190579R|showa-genroku-rakugo-shinju|Showa Genroku Rakugo Shinju
s|G8DHV78P3|shrine-of-the-morning-mist|Shrine of the Morning Mist
s|GW4HM7GW3|shuffle|Shuffle!
s|G6P8124K6|shugo-chara|Shugo Chara
s|GKEH2G0W9|shy|SHY
s|GYVDV1N0Y|sing-yesterday-for-me|"SING ""YESTERDAY"" FOR ME"
s|GEXH3W170|sister-princess|Sister Princess
s|G5PHNM434|sk8-the-infinity|SK8 the Infinity
s|G9VHN971K|skate-leading-stars|Skate-Leading Stars
s|G8DHV7WJP|skeleton-knight-in-another-world|Skeleton Knight in Another World
s|GR2P497KR|sket-dance|SKET Dance
s|G9VHN9185|skip-and-loafer|Skip and Loafer
s|G6WE4XPJ6|skip-beat|Skip Beat!
s|GR9VXP0V6|skull-face-bookseller-honda-san|Skull-face Bookseller Honda-san
s|GR4980206|sky-wizards-academy|Sky Wizards Academy
s|G69PJJM3Y|slam-dunk|Slam Dunk
s|G4PH0WXZM|sleepy-princess-in-the-demon-castle|Sleepy Princess in the Demon Castle
s|GKEH2GQ1G|slow-loop|Slow Loop
s|GRE5G4DP6|slow-start|Slow Start
s|G0XHWM4KQ|smile-down-the-runway|Smile Down the Runway
s|GW4HM7GG3|smile-of-the-arsnotoria-the-animation|Smile of the Arsnotoria the Animation
s|GDKHZEJ1K|snack-basue|Snack Basue
s|G64P5GJ8R|snack-world|SNACK WORLD
s|GRZJ7QN86|snow-white-with-the-red-hair|Snow White with the Red Hair
s|G79H23G0D|so-im-a-spider-so-what|So I'm a Spider, So What?
s|G0XHWM55N|soaring-sky-precure|Soaring Sky! Precure
s|GDKHZEJ0K|solo-leveling|Solo Leveling
s|G6K57D78Y|solty-rei|Solty Rei
s|G60X5KMPR|somali-and-the-forest-spirit|Somali and the Forest Spirit
s|G4PH0WZDD|sonny-boy|Sonny Boy
s|G6NVG359Y|sorcerer-hunters|Sorcerer Hunters
s|GJ0H7QXDW|sorcerous-stabber-orphen|Sorcerous Stabber Orphen
s|G63VMJ9DY|soul-buster|Soul Buster
s|GYX0ZW80R|soul-eater|Soul Eater
s|GRDQNQW9Y|sound-euphonium|Sound! Euphonium
s|GRDQKZN4Y|sound-of-the-sky|Sound of the Sky
s|GYW4DX8Q6|space-battleship-tiramisu|Space Battleship Tiramisu
s|G69PVE29Y|space-brothers|Space Brothers
s|G63K4W296|space-dandy|Space Dandy
s|G63VM514Y|space-patrol-luluco|SPACE PATROL LULUCO
s|GY75KQN36|space-pirate-mito|Space Pirate Mito
s|G69VK17DY|space-warrior-baldios|Space Warrior Baldios
s|GRGGVXV5R|sparrows-hotel|Sparrow's Hotel
s|GMEHMEW1G|special-7-special-crime-investigation-unit|Special 7: Special Crime Investigation Unit
s|GRWEJGZQR|speed-grapher|Speed Grapher
s|G6GG38246|spice-and-wolf|Spice and Wolf
s|G1XHJV08M|spice-and-wolf-merchant-meets-the-wise-wolf|Spice and Wolf: MERCHANT MEETS THE WISE WOLF
s|G6MG377G6|spiritpact|Spiritpact
s|G4PH0WXVJ|spy-x-family|SPY x FAMILY
s|GRDQKM33Y|squid-girl|Squid Girl
s|GY9V1K10R|squishy-black-clover|Squishy! Black Clover
s|G5PHNM44D|ssssdynazenon|SSSS.DYNAZENON
s|GR8DMVXDR|ssssgridman|SSSS.GRIDMAN
s|G4PH0WEGW|stand-my-heroes-piece-of-truth|Stand My Heroes: Piece of Truth
s|G65V4P4K6|star-blazers-space-battleship-yamato|Star Blazers: Space Battleship Yamato
s|GRZXJVD8Y|star-driver|Star Driver
s|GKEH2G0P9|stardust-telepath|Stardust Telepath
s|GYZXWE596|starmyu|STARMYU
s|GXJHM3983|stars-align|Stars Align
s|GYWE7W5GY|steinsgate|STEINS;GATE
s|GYW4D15K6|steinsgate-0|Steins;Gate 0
s|GMEHME8PE|stella-of-the-theater-world-dai-star|Stella of the Theater: World Dai Star
s|GVDHX837E|stellvia|Stellvia
s|GY49G03ER|straight-title-robot-anime|Straight Title Robot Anime
s|GDKHZEP75|strain-strategic-armored-infantry|STRAIN: Strategic Armored Infantry
s|GRGGVKZWR|strange|Strange+
s|GQWH0GDKJ|strawberry-panic|Strawberry Panic
s|GR5P2120R|street-fighter-ii-the-animated-series|Street Fighter II: The Animated Series
s|GRX0M59K6|strike-the-blood|Strike the Blood
s|GYEXXWD36|strike-witches|Strike Witches
s|GYNVWW73R|strike-witches-501st-joint-fighter-wing-take-off|Strike Witches: 501st JOINT FIGHTER WING Take Off!
s|G9VHN9QWQ|studio-apartment-good-lighting-angel-included|Studio Apartment, Good Lighting, Angel Included
s|G5PHNM7E2|sugar-apple-fairy-tale|Sugar Apple Fairy Tale
s|G9VHN91G5|summoned-to-another-world-for-a-second-time|Summoned to Another World for a Second Time
s|GJ0H7QM1J|super-cub|Super Cub
s|G63VPE1XY|super-gals|Super Gals!
s|GJ0H7QXJ8|super-hxeros|SUPER HXEROS
s|G65VXD8Q6|super-lovers|SUPER LOVERS
s|G3KHEV35V|suppose-a-kid-from-the-last-dungeon-boonies-moved-to-a-starter-town|Suppose a Kid from the Last Dungeon Boonies moved to a starter town
s|GG5H5X3VK|suzuka|Suzuka
s|G6GG5K736|sweet-blue-flowers|Sweet Blue Flowers
s|GJ0H7QG2G|sweet-reincarnation|Sweet Reincarnation
s|GR49G9VP6|sword-art-online|Sword Art Online
s|GY79P41KR|sword-art-online-alternative-gun-gale-online|Sword Art Online Alternative: Gun Gale Online
s|GYMGP8K4Y|symphogear|Symphogear
t|G6X03827Y|tabimachi-lateshow|Tabimachi Lateshow
t|GY9PJPD8R|taboo-tattoo|Taboo Tattoo
t|G79H23Z5X|tadaima-okaeri|Tadaima, Okaeri
t|GYE50WQ0R|taisho-mebiusline-chicchaisan|Taisho Mebiusline Chicchaisan
t|G4PH0WZNK|taisho-otome-fairy-tale|Taisho Otome Fairy Tale
t|GRX03M8E6|takamiya-nasuno-desu|Takamiya Nasuno Desu!
t|G1XHJVXX2|takt-opdestiny|takt op.Destiny
t|GJ0H7Q87Z|talentless-nana|Talentless Nana
t|GG5H5XE13|tales-of-luminaria-the-fateful-crossroad|Tales of Luminaria the Fateful Crossroad
t|G9VHN9K0K|tales-of-phantasia-the-animation|Tales of Phantasia: The Animation
t|G1XHJV84J|tales-of-symphonia-the-animation|Tales of Symphonia: The Animation
t|GP5HJ81J9|tales-of-the-abyss|Tales of the Abyss
t|G79H23ZGP|tales-of-wedding-rings|Tales of Wedding Rings
t|G5PHNM4WD|tales-of-zestiria-the-x|Tales of Zestiria the X
t|G4PH0W4VM|tama-of-the-3rd-district--have-you-seen-my-tama|TAMA of the 3rd District -Have You Seen My TAMA?
t|GXJHM39XE|tamayomi-the-baseball-girls|TAMAYOMI: The Baseball Girls
t|GYNQXJK2Y|tantei-team-kz-jiken-note|Tantei Team KZ Jiken Note
t|GNVHKNW5K|tawawa-on-monday|Tawawa on Monday
t|G9VHN9QVN|tearmoon-empire|Tearmoon Empire
t|GG5H5X37E|technoroid-overmind|Technoroid OVERMIND
t|GY49G291R|teekyu|Teekyu
t|GYX0J4N5R|tegami-bachi-letter-bee|Tegami Bachi Letter Bee
t|GKEH2G0N1|tenchi-muyo-gxp-paradise-starting|Tenchi Muyo! GXP Paradise Starting
t|G60XPMX7R|tenchi-muyo-ryo-ohki|Tenchi Muyo! Ryo-Ohki
t|GYGGQ99WY|tenchi-muyo-war-on-geminar|Tenchi Muyo! War on Geminar
t|GR5VXM03R|tenjho-tenge|Tenjho Tenge
t|G4PH0WJWQ|tenpuru|TenPuru
t|GG5H5X0E2|teppen-laughing-til-you-cry|TEPPEN!!!!!!!!!!!!!!! Laughing 'til You Cry
t|GRNQPEGWR|terraformars|TERRAFORMARS
t|G675W00MR|terror-in-resonance|Terror in Resonance
t|G3KHEVQG5|tesla-note|Tesla Note
t|G79H23ZKX|test-series|Test Series
t|G24H1NM7D|tetsujin-28|Tetsujin 28
t|GREME5WX6|that-is-the-bottleneck|That is the Bottleneck
t|GYZJ43JMR|that-time-i-got-reincarnated-as-a-slime|That Time I Got Reincarnated as a Slime
t|GNVHKN933|the-100-girlfriends-who-really-really-really-really-really-love-you|The 100 Girlfriends Who Really, Really, Really, Really, REALLY Love You
t|GYQW15Z9Y|the-8th-son-are-you-kidding-me|The 8th son? Are you kidding me?
t|G6JQK7D5R|the-ambition-of-oda-nobuna|The Ambition of Oda Nobuna
t|GRZXQJJ8Y|the-ancient-magus-bride|The Ancient Magus' Bride
t|G9VHN91DJ|the-angel-next-door-spoils-me-rotten|The Angel Next Door Spoils Me Rotten
t|G3KHEVDJ7|the-apothecary-diaries|The Apothecary Diaries
t|G0XHWM3J0|the-aquatope-on-white-sand|The aquatope on white sand
t|GVDHX8QK5|the-aristocrats-otherworldly-adventure-serving-gods-who-go-too-far|The Aristocrat’s Otherworldly Adventure: Serving Gods Who Go Too Far
t|GY8VXQX8Y|the-asterisk-war|The Asterisk War
t|G4PH0WJPN|the-banished-former-hero-lives-as-he-pleases|The Banished Former Hero Lives as He Pleases
t|GYXJ0NJ76|the-betrayal-knows-my-name|The Betrayal Knows My Name
t|GQWH0MPQ7|the-caf-terrace-and-its-goddesses|The Café Terrace and Its Goddesses
t|GYQWDDJ4Y|the-case-files-of-jeweler-richard|The Case Files of Jeweler Richard
t|GEXH3W8DG|the-case-study-of-vanitas|The Case Study of Vanitas
t|GR3K50PZR|the-crunchyroll-anime-awards|The Crunchyroll Anime Awards
t|GZJH3DJ8E|the-daily-life-of-the-immortal-king|The Daily Life of the Immortal King
t|G5PHNM403|the-dawn-of-the-witch|The Dawn of the Witch
t|G3KHEV3MV|the-day-i-became-a-god|The Day I Became a God
t|GG5H5XQP4|the-demon-prince-of-momochi-house|The Demon Prince of Momochi House
t|G24H1N334|the-detective-is-already-dead|The Detective Is Already Dead
t|GR75Z5KKY|the-devil-is-a-part-timer|The Devil is a Part-Timer!
t|GY09G9N4Y|the-diary-of-ochibi-motion-manga|The Diary of Ochibi (Motion Manga)
t|G6P8Q7NV6|the-disappearance-of-nagato-yuki-chan|The Disappearance of Nagato Yuki-Chan
t|G79H23V0G|the-duke-of-death-and-his-maid|The Duke of Death and His Maid
t|GP5HJ85WM|the-dungeon-of-black-company|The Dungeon of Black Company
t|GRVNPEQWY|the-eccentric-family|The Eccentric Family
t|GRWE17QGR|the-eccentric-family-2|The Eccentric Family 2
t|GXJHM3G24|the-family-circumstances-of-the-irregular-witch|The Family Circumstances of the Irregular Witch
t|GEXH3W8G1|the-faraway-paladin|The Faraway Paladin
t|GJ0H7Q5X9|the-fire-hunter|The Fire Hunter
t|GNVHKN983|the-foolish-angel-dances-with-the-devil|The Foolish Angel Dances with the Devil
t|G9VHN9DDX|the-fruit-of-evolution-before-i-knew-it-my-life-had-it-made|The Fruit of Evolution: Before I Knew It, My Life Had It Made
t|G65VKEXD6|the-fruit-of-grisaia|The Fruit of Grisaia
t|GYGGXPQ2Y|the-future-diary|The Future Diary
t|GRX0NN1K6|the-galaxy-railways|The Galaxy Railways
t|GR09QX10R|the-galaxy-railways-a-letter-from-the-abandoned-planet|The Galaxy Railways: A Letter from the Abandoned Planet
t|G6DK07N7R|the-garden-of-sinners|The Garden of Sinners
t|G9VHN9Q9N|the-gene-of-ai|The Gene of AI
t|GQWH0M7QP|the-genius-princes-guide-to-raising-a-nation-out-of-debt|The Genius Prince's Guide to Raising a Nation Out of Debt
t|G5PHNMWQ9|the-girl-from-the-other-side|The Girl from the Other Side
t|GNVHKN9DE|the-girl-i-like-forgot-her-glasses|The Girl I Like Forgot Her Glasses
t|GRVD0ZDQR|the-god-of-high-school|The God of High School
t|GG5H5XQ24|the-great-cleric|The Great Cleric
t|GNVHKNWXW|the-great-jahy-will-not-be-defeated|The Great Jahy Will Not Be Defeated!
t|GKEH2G4KD|the-greatest-demon-lord-is-reborn-as-a-typical-nobody|The Greatest Demon Lord Is Reborn as a Typical Nobody
t|G79H2308D|the-gymnastics-samurai|The Gymnastics Samurai
t|G79H230XN|the-heike-story|The Heike Story
t|GR4PXWK1Y|the-helpful-fox-senko-san|The Helpful Fox Senko-san
t|G3KHEV5QQ|the-hidden-dungeon-only-i-can-enter|The Hidden Dungeon Only I Can Enter
t|GRX03NK56|the-highschool-life-of-a-fudanshi|The Highschool Life of a Fudanshi
t|GZJH3DXJG|the-honor-at-magic-high-school|The Honor at Magic High School
t|G6KE07996|the-house-spirit-tatami-chan|The House Spirit Tatami-chan
t|G0XHWM5GQ|the-human-crazy-university|The Human Crazy University
t|GW4HM75NP|the-ice-guy-and-his-cool-female-colleague|The Ice Guy and His Cool Female Colleague
t|GDKHZEP21|the-iceblade-sorcerer-shall-rule-the-world|The Iceblade Sorcerer Shall Rule the World
t|G8DHV7DJ7|the-idaten-deities-know-only-peace|The Idaten Deities Know Only Peace
t|GRQ474XZY|the-idolmster-cinderella-girls|THE IDOLM@STER CINDERELLA GIRLS
t|GRMGQJ0ZR|the-idolmster-cinderella-girls-theater|THE IDOLM@STER CINDERELLA GIRLS Theater
t|GZJH3D0EP|the-idolmster-cinderella-girls-u149|THE IDOLM@STER CINDERELLA GIRLS U149
t|GJ0H7QGDK|the-idolmster-million-live|THE IDOLM@STER Million Live!
t|GKEH2G0ZK|the-idolmster-shiny-colors|THE iDOLM@STER SHINY COLORS
t|GR8V71P7R|the-idolmster-side-m|THE IDOLM@STER Side M
t|G61XQ9716|the-idolmster-sidem--wakeatte-mini|THE IDOLM@STER SideM  Wakeatte Mini!
t|GRMGDGZVR|the-irregular-at-magic-high-school|The Irregular at Magic High School
t|G0XHWM4V5|the-irresponsible-captain-tylor|The Irresponsible Captain Tylor
t|GYE5ZMXPR|the-irresponsible-galaxy-tylor|The Irresponsible Galaxy Tylor
t|GY79XX9MR|the-island-of-giant-insects|The Island of Giant Insects
t|GYMEGQ9V6|the-journey-home|The Journey Home
t|GDKHZEJEK|the-king-of-braves-gaogaigar|The King of Braves: GaoGaiGar
t|GG5H5XQ14|the-kingdoms-of-ruin|The Kingdoms of Ruin
t|GG5H5X05J|the-last-summoner|The Last Summoner
t|GKEH2G7PG|the-law-of-ueki|The Law of Ueki
t|G65P457K6|the-legend-of-black-heaven|The Legend of Black Heaven
t|G0XHWM594|the-legend-of-heroes-trails-of-cold-steel---northern-war|The Legend of Heroes: Trails of Cold Steel - Northern War
t|G3KHEV09J|the-legendary-hero-is-dead|The Legendary Hero is Dead!
t|GKEH2G079|the-leveling-of-solo-leveling|THE LEVELING OF SOLO LEVELING
t|G5PHNM7NG|the-little-lies-we-all-tell|The Little Lies We All Tell
t|G6JQ14V2R|the-lost-village|The Lost Village
t|G5PHNM7J2|the-magical-revolution-of-the-reincarnated-princess-and-the-genius-young-lady|The Magical Revolution of the Reincarnated Princess and the Genius Young Lady
t|G63K58E96|the-magnificent-kotobuki|The Magnificent KOTOBUKI
t|GG5H5X092|the-maid-i-hired-recently-is-mysterious|The Maid I Hired Recently Is Mysterious
t|G4PH0WJ3N|the-many-sides-of-voice-actor-radio|The Many Sides of Voice Actor Radio
t|G8DHV741D|the-marginal-service|THE MARGINAL SERVICE
t|G6NVQ59XY|the-master-of-ragnarok--blesser-of-einherjar|The Master of Ragnarok & Blesser of Einherjar
t|G79H23Z3P|the-masterful-cat-is-depressed-again-today|The Masterful Cat Is Depressed Again Today
t|GRGG7701R|the-melancholy-of-haruhi-suzumiya|The Melancholy of Haruhi Suzumiya
t|GR759KK5Y|the-melody-of-oblivion|The Melody of Oblivion
t|GP5HJ855D|the-millionaire-detective---balance-unlimited|The Millionaire Detective - Balance: UNLIMITED
t|GY243NN0R|the-misfit-of-demon-king-academy|The Misfit of Demon King Academy
t|G62PE7906|the-morose-mononokean|The Morose Mononokean
t|G6XJ0NGMR|the-mystic-archives-of-dantalian|The Mystic Archives of Dantalian
t|G60914GM6|the-nameko-families|The Nameko Families
t|GMEHME7Z1|the-new-gate|THE NEW GATE
t|GW4HM7PP7|the-night-beyond-the-tricornered-window|The Night Beyond the Tricornered Window
t|GDKHZEDXD|the-ones-within|The Ones Within
t|G68VXG3G6|the-perfect-insider|The Perfect Insider
t|GRP8D75KR|the-pilots-love-song|The Pilot's Love Song
t|G6EX790GR|the-price-of-smiles|The Price of Smiles
t|G79H23V91|the-prince-of-tennis|The Prince of Tennis
t|G65VP3106|the-prince-of-tennis-ii|The Prince of Tennis II
t|GW4HM751M|the-prince-of-tennis-ii-hyotei-vs-rikkai-game-of-future|The Prince of Tennis II Hyotei vs. Rikkai Game of Future
t|GY190V9ER|the-prince-of-tennis-ii-ova-vs-genius-10|The Prince of Tennis II OVA vs Genius 10
t|G5PHNMWWN|the-prince-of-tennis-ii-u-17-world-cup|The Prince of Tennis II U-17 World Cup
t|GYVD2K1WY|the-promised-neverland|THE PROMISED NEVERLAND
t|GY4PD7Z06|the-quintessential-quintuplets|The Quintessential Quintuplets
t|GY9P2JV8R|the-reflection|The Reflection
t|G1XHJVWXG|the-reincarnation-of-the-strongest-exorcist-in-another-world|The Reincarnation Of The Strongest Exorcist In Another World
t|G6W4QKX0R|the-rising-of-the-shield-hero|The Rising of the Shield Hero
t|GY8V540GY|the-royal-tutor|The Royal Tutor
t|GR3VQ7MX6|the-ryuos-work-is-never-done|The Ryuo's Work is Never Done!
t|G6ME4XJ4R|the-sacred-blacksmith|The Sacred Blacksmith
t|G1XHJV3P3|the-saints-magic-power-is-omnipotent|The Saint's Magic Power is Omnipotent
t|G6NQ5NJ36|the-silver-guardian|The Silver Guardian
t|GG5H5X7JV|the-slime-diaries|The Slime Diaries
t|GG5H5XQDD|the-strongest-magician-in-the-demon-lords-army-was-a-human|The Strongest Magician in the Demon Lord's Army Was a Human
t|G5PHNM4K8|the-strongest-sage-with-the-weakest-crest|The Strongest Sage With the Weakest Crest
t|G9VHN9QKN|the-strongest-tanks-labyrinth-raids--a-tank-with-a-rare-9999-resistance-skill-got-kicked-from-the-heros-party-|The Strongest Tank's Labyrinth Raids -A Tank with a Rare 9999 Resistance Skill Got Kicked from the Hero's Party-
t|GVDHX8QZX|the-tale-of-outcasts|The tale of outcasts
t|GR190X7E6|the-tenth-prism-motion-manga|The Tenth Prism (Motion Manga)
t|G67570P3R|the-testament-of-sister-new-devil|The Testament of Sister New Devil
t|GYE57PKGR|the-third-the-girl-with-the-blue-eye|The Third: The Girl with the Blue Eye
t|G9VHN917V|the-tower-of-druaga|The Tower of DRUAGA
t|GRNVWN7Q6|the-twelve-kingdoms|The Twelve Kingdoms
t|GRWEMM83R|the-unlimited-hyobu-kyosuke|THE UNLIMITED Hyobu Kyosuke
t|GW4HM7WZQ|the-unwanted-undead-adventurer|The Unwanted Undead Adventurer
t|GZJH3DJ1X|the-vampire-dies-in-no-time|The Vampire Dies in No Time
t|GQWH0M1XK|the-weakest-tamer-began-a-journey-to-pick-up-trash|The Weakest Tamer Began a Journey to Pick Up Trash
t|GZJH3D8W8|the-witch-and-the-beast|The Witch and the Beast
t|G79H23VVG|the-world-ends-with-you-the-animation|The World Ends With You The Animation
t|GR9PV5MD6|the-world-god-only-knows|The World God Only Knows
t|GYMGDG3WY|the-world-is-still-beautiful|The World is Still Beautiful
t|G63VP0DWY|the-world-yamizukan|The World YAMIZUKAN
t|GMEHME55K|the-worlds-finest-assassin-gets-reincarnated-in-another-world-as-an-aristocrat|The World's Finest Assassin Gets Reincarnated in Another World as an Aristocrat
t|G0XHWM1EK|the-wrong-way-to-use-healing-magic|The Wrong Way to Use Healing Magic
t|G79H2300N|the-yakuzas-guide-to-babysitting|The Yakuza's Guide to Babysitting
t|GDKHZEJ7K|the-yuzuki-familys-four-sons|The Yuzuki Family's Four Sons
t|G6WEM1V36|theatre-of-darkness-yamishibai|Theatre of Darkness: Yamishibai
t|GYVDQNGZY|thermae-romae|Thermae Romae
t|G6MGPWM86|this-art-club-has-a-problem|This Art Club Has a Problem!
t|G649MNM1Y|this-boy-is-a-professional-wizard|This Boy is a Professional Wizard
t|GEXH3W5X4|those-snow-white-notes|Those Snow White Notes
t|G649W7K0Y|three-leaves-three-colors|Three Leaves, Three Colors
t|GY75KE906|thunderbolt-fantasy|Thunderbolt Fantasy
t|GY8VJJ0GY|tiger-mask-w|Tiger Mask W
t|GRZXD4G8Y|time-bokan-24|Time Bokan 24
t|GYDQ42286|time-of-eve|Time of Eve
t|G65VGZZ76|time-travel-girl|Time Travel Girl
t|G1XHJV0KV|tis-time-for-torture-princess|"'Tis Time for ""Torture,"" Princess"
t|G6Q4MKK3R|to-be-hero|TO BE HERO
t|G63KVV3E6|to-be-heroine|To Be Heroine
t|GRW459Z8Y|to-the-abandoned-sacred-beasts|To the Abandoned Sacred Beasts
t|GG5H5XMWV|to-your-eternity|To Your Eternity
t|GRP8KG9VR|todays-menu-for-the-emiya-family|Today's Menu for the Emiya Family
t|GYWE4P1GY|tofugu|Tofugu
t|G24H1N3ZP|toilet-bound-hanako-kun|Toilet-bound Hanako-kun
t|GJ0H7QJWV|tokyo-24th-ward|Tokyo 24th Ward
t|G6NV7Z50Y|tokyo-ghoul|Tokyo Ghoul
t|G6ZXZGNKR|tokyo-majin|Tokyo Majin
t|G6QW4EZQ6|tokyo-ravens|Tokyo Ravens
t|G3KHEVMN1|tokyo-revengers|Tokyo Revengers
t|G0XHWM5Q4|tomo-chan-is-a-girl|Tomo-chan Is a Girl!
t|GJ0H7QX0Z|tomodachi-game|Tomodachi Game
t|GR9P3GD46|tonari-no-seki-kun-the-master-of-killing-time|Tonari no Seki-kun: The Master of Killing Time
t|GQWH0M1DX|tonari-no-yokai-san|Tonari no Yokai-san
t|GRWMGGQ86|tonikawa-over-the-moon-for-you|TONIKAWA: Over The Moon For You
t|G63VMPVXY|tonkatsu-dj-agetaro|Tonkatsu DJ Agetaro
t|G6P8PXJW6|toradora|Toradora!
t|GRE5MNM06|toriko|Toriko
t|GY8VDPKGY|total-eclipse|Total Eclipse
t|GY5VEEK5Y|touken-ranbu---hanamaru|Touken Ranbu - Hanamaru
t|GVDHX85PN|touken-ranbu-kai-kyoden|TOUKEN RANBU KAI KYODEN
t|G6J0G49DR|tower-of-god|Tower of God
t|GXJHM3GNX|train-to-the-end-of-the-world|Train to the End of the World
t|G0XHWM0D3|trapped-in-a-dating-sim-the-world-of-otome-games-is-tough-for-mobs|Trapped in a Dating Sim: The World of Otome Games is Tough for Mobs
t|GRMGE945R|traveling-daru|Traveling Daru
t|GY190XZER|triage-x|Triage X
t|GG5H5X0Z8|tribe-nine|Tribe Nine
t|GRE5PPNP6|trickster|Trickster
t|GYP58QMMY|trigun|Trigun
t|GXJHM3PK5|trigun-stampede|TRIGUN STAMPEDE
t|GYX0D9QNR|trinity-blood|Trinity Blood
t|G60914JM6|trinity-seven|TRINITY SEVEN
t|GW4HM74GJ|tropical-rouge-precure|Tropical-Rouge! Precure
t|G64PK5X3R|true-cooking-master-boy|True Cooking Master Boy
t|GRK5ZKM76|true-tears|True Tears
t|G60X49JGR|try-knights|Try Knights
t|GVDHX8GMK|tsubasa-reservoir-chronicle|Tsubasa RESERVoir CHRoNiCLE
t|G675QE8JR|tsugumomo|Tsugumomo
t|G6X0QPK8Y|tsukigakirei|Tsukigakirei
t|GZJH3D719|tsukimichi--moonlit-fantasy-|TSUKIMICHI -Moonlit Fantasy-
t|G69P9M9JY|tsukipro-the-animation|TSUKIPRO THE ANIMATION
t|GREMEVDV6|tsukiuta-the-animation|TSUKIUTA. THE ANIMATION
t|GY2P9PZPY|tsuredure-children|Tsuredure Children
t|GRDKVP34Y|tsurune|Tsurune
t|GYGGV1MPY|twin-angel-twinkle-paradise|Twin Angel: Twinkle Paradise
t|G6NQ54786|twin-angels-break|Twin Angels BREAK
t|G63VM084Y|twin-star-exorcists|Twin Star Exorcists
t|GY2PQNPMY|twocar|TWOCAR
u|GRXJP0PNY|uchitama-have-you-seen-my-tama|Uchitama?! Have you seen my Tama?
u|G6VNQKMDR|ufo-ultramaiden-valkyrie|UFO Ultramaiden Valkyrie
u|GRJ0KQ32Y|ulysses-jeanne-darc-and-the-alchemist-knight|Ulysses: Jeanne d'Arc and the Alchemist Knight
u|GR79P2816|umamusume-pretty-derby|Umamusume: Pretty Derby
u|GRW47VJNY|umayon|UMAYON
u|GMEHME7XV|undead-murder-farce|Undead Murder Farce
u|GQWH0M1WK|under-ninja|UNDER NINJA
u|GJ0H7Q5J9|uniteup|UniteUp!
u|GYQ4K75Q6|unlimited-fafnir|Unlimited Fafnir
u|G9VHN9QXQ|unnamed-memory|Unnamed Memory
u|GY2P48K5Y|upotte|Upotte!!
u|G6JQ4148R|urahara|URAHARA
u|GYWE24DJY|urawa-no-usagi-chan|Urawa no Usagi-chan
u|G63VK38ZY|usagi-drop|Usagi Drop
u|G675K3Q3R|usakame|Usakame
u|GRP8011JR|utawarerumono|Utawarerumono
u|GMEHMEW4M|utawarerumono-mask-of-truth|Utawarerumono Mask of Truth
u|GNVHKN7KZ|uzaki-chan-wants-to-hang-out|Uzaki-chan Wants to Hang Out!
u|GR1XQ4Z9R|uzamaid|UzaMaid!
v|GY49P88ER|valerian-and-laureline|Valerian and Laureline
v|GNVHKDMW8|valkyrie-drive--mermaid-|Valkyrie Drive -Mermaid-
v|GRJQKQG5Y|valvrave-the-liberator|Valvrave the Liberator
v|G0XHWM130|vampire-dormitory|Vampire Dormitory
v|G64945WWY|vandread|Vandread
v|GW4HM75VZ|vazzrock-the-animation|VAZZROCK THE ANIMATION
v|GRGG388WR|venus-project--climax-|Venus Project -Climax-
v|GP5HJ812E|venus-versus-virus|Venus Versus Virus
v|GKEH2G099|villainess-level-99-i-may-be-the-hidden-boss-but-im-not-the-demon-lord|Villainess Level 99: I May Be the Hidden Boss But I'm Not the Demon Lord
v|GEXH3WKK0|vinland-saga|VINLAND SAGA
v|GJ0H7QGME|viral-hit|Viral Hit
v|GR3KZZ3ZR|virtualsan---looking|VIRTUALSAN - LOOKING
v|GMEHME4M4|vivy--fluorite-eyes-song-|Vivy -Fluorite Eye's Song-
v|GEXH3W5WN|vlad-love|VLAD LOVE
v|GYNVJGJGR|voice-of-fox|VOICE OF FOX
v|G69VQEW3Y|vs-knight-lamune--40-fire|VS Knight Lamune & 40 Fire
v|G6793E94Y|vs-knight-lamune--40-fresh|VS Knight Lamune & 40 Fresh
w|GY3K980XY|wacky-tv-nanana|Wacky TV Nanana
w|GYX03QJKR|wagamama-high-spec|Wagamama High Spec
w|GRGG9K1PR|wakakozake|Wakakozake
w|GYK5X214R|wakakozake-drama|Wakakozake (Drama)
w|G69P3GW8Y|wake-up-girls|Wake Up, Girls!
w|G6JQKVDWR|walkure-romanze|Walkure Romanze
w|G79H23VNQ|wandering-witch-the-journey-of-elaina|Wandering Witch: The Journey of Elaina
w|GRDQVE1ZY|wanna-be-the-strongest-in-the-world|Wanna be the Strongest in the World
w|GNVHKNG35|warlords-of-sigrdrifa|Warlords of Sigrdrifa
w|GR2420096|wataten-an-angel-flew-down-to-me|WATATEN!: an Angel Flew Down to Me
w|GDKHZE1PX|wave--lets-go-surfing-|WAVE!! -Let's go surfing!!-
w|G8DHV7495|wave-listen-to-me|Wave, Listen to Me!
w|GR8DN8XDR|we-never-learn-bokuben|We Never Learn: BOKUBEN
w|GYNVQZK8R|we-rent-tsukumogami|We Rent Tsukumogami
w|G6759W00R|we-without-wings---under-the-innocent-sky|We, Without Wings - under the innocent sky
w|G6GGP1ME6|web-ghosts-pipopa|Web Ghosts PiPoPa
w|G63K3W8E6|welcome-chitose|Welcome, Chitose
w|G6NVG970Y|welcome-to-demon-school-iruma-kun|Welcome to Demon School! Iruma-kun
w|G6ME8JGZR|welcome-to-the-japari-park|Welcome to the JAPARI PARK
w|G6MGNDGW6|welcome-to-the-n-h-k|Welcome to the N-H-K
w|GYMGDZN4Y|when-supernatural-battles-became-commonplace|When Supernatural Battles Became Commonplace
w|G6K5E8M9Y|white-album|White Album
w|GR2P5EK0R|white-album-2|White Album 2
w|GY19N1X9R|why-cant-seiya-todoin-16-year-old-get-a-girlfriend|Why can't Seiya Todoin, 16-Year-Old, get a girlfriend?
w|GYVD2XZXY|why-did-you-come-to-japan|Why Did You Come to Japan?
w|GVDHX8Q71|why-raeliana-ended-up-at-the-dukes-mansion|Why Raeliana Ended Up at the Duke's Mansion
w|G63K9XG96|why-the-hell-are-you-here-teacher|Why the hell are you here, Teacher!?
w|G3KHEVDPE|wind-breaker|WIND BREAKER
w|G63K95846|wise-mans-grandchild|Wise Man's Grandchild
w|G6DQV1J9R|witch-craft-works|Witch Craft Works
w|G1XHJVWK5|witch-hunter-robin|Witch Hunter Robin
w|G619MDQ1Y|witchblade|Witchblade
w|G6PP7W7V6|with-a-dog-and-a-cat-every-day-is-fun|With a Dog AND a Cat, Every Day is Fun
w|GP5HJ83E1|wixoss-divaalive|WIXOSS DIVA(A)LIVE
w|GY1XMV90Y|wolfs-rain|Wolf's Rain
w|GXJHM372Z|wonder-egg-priority|WONDER EGG PRIORITY
w|GR9P3G7V6|wonder-momo|Wonder Momo
w|G9VHN9QWN|wonderful-precure|Wonderful Precure!
w|GR248VWM6|woodpecker-detectives-office|Woodpecker Detective's Office
w|GYX0M3J7R|woosers-hand-to-mouth-life|Wooser's Hand-to-Mouth Life
w|GRE5KWDX6|woosers-hand-to-mouth-life-phantasmagoric-arc|Wooser’s Hand-to-Mouth Life: Phantasmagoric Arc
w|GR5V74P3R|working-buddies|Working Buddies!
w|GRMGD9JGR|world-break-aria-of-curse-for-a-holy-swordsman|World Break: Aria of Curse for a Holy Swordsman
w|G6DQD29GR|world-fool-news|World Fool News
w|GR757DMKY|world-trigger|World Trigger
w|G6MGQ9XG6|worldend-what-do-you-do-at-the-end-of-the-world-are-you-busy-will-you-save-us|WorldEnd: What do you do at the end of the world? Are you busy? Will you save us
w|G24H1N3XV|worlds-end-harem|World's End Harem
w|GYJQ2WVD6|wwwwagnaria|WWW.WAGNARIA!!
w|G60XZ8MER|wz|W'z
x|G1XHJVWV5|x|X
x|GY9VXGXVR|xuan-yuan-sword-luminary|Xuan Yuan Sword Luminary
x|GMEHME89G|xxxholic|xxxHOLiC
x|GDKHZEP3W|xy|X&Y
y|GYVNE7QD6|yakitate-japan|Yakitate!! Japan
y|G63VMKVQY|yamada-kun-and-the-seven-witches|Yamada-kun and the Seven Witches
y|GRW4GQK2Y|yamadas-first-time-b-gata-h-kei|Yamada's First Time: B Gata H Kei
y|G5PHNM30D|yamibo--darkness-the-hat-and-travelers-of-the-books|YAMIBO:  Darkness, the Hat, and Travelers of the Books
y|G63W41KD6|yashahime-princess-half-demon|Yashahime: Princess Half-Demon
y|G5PHNM92J|yatagarasu-the-raven-does-not-choose-its-master|YATAGARASU: The Raven Does Not Choose Its Master
y|G64PX8N1R|yatogame-chan-kansatsu-nikki|Yatogame-chan Kansatsu Nikki
y|G5PHNM9ZM|yohane-the-parhelion--sunshine-in-the-mirror|YOHANE THE PARHELION -SUNSHINE in the MIRROR
y|G6X0J1G0Y|yokuwakaru-gendai-maho|Yokuwakaru Gendai Maho
y|G6VN35J7R|yona-of-the-dawn|Yona of the Dawn
y|GR190VQE6|yosuga-no-sora-in-solitude-where-we-are-least-alone|Yosuga no Sora: In Solitude Where We are Least Alone
y|GYW4DK726|yotsuiro-biyori|Yotsuiro Biyori
y|GYMG8GV3Y|you-and-me|You and Me
y|GYP85GJ1Y|you-and-me-2|You and Me 2
y|GYG512QDY|you-dont-know-gunma-yet|You Don't Know Gunma Yet
y|G63V7KN9Y|your-lie-in-april|Your lie in April
y|GRGGVKP4R|yowamushi-pedal|Yowamushi Pedal
y|GRWEK728R|yowamushi-pedal-new-generation|Yowamushi Pedal New Generation
y|G6P8DV7V6|yu-gi-oh|Yu-Gi-Oh!
y|G62P107J6|yu-gi-oh-5ds|Yu-Gi-Oh! 5D's
y|GYDQ77GZ6|yu-gi-oh-arc-v|Yu-Gi-Oh! ARC-V
y|GY8V1ED9Y|yu-gi-oh-gx|Yu-Gi-Oh! GX
y|GRGGX7K1R|yu-gi-oh-vrains|Yu-Gi-Oh! VRAINS
y|GRDQD8PDY|yu-gi-oh-zexal|Yu-Gi-Oh! ZEXAL
y|GYVD185XY|yu-no-a-girl-who-chants-love-at-the-bound-of-this-world|YU-NO: A Girl Who Chants Love at the Bound of This World
y|GR9PKENW6|yu-yu-hakusho|Yu Yu Hakusho
y|G9VHN97PK|yurei-deco|YUREI DECO
y|GMEHME8VE|yuri-is-my-job|Yuri Is My Job!
y|GY2PEJ0MY|yuri-on-ice|Yuri!!! on ICE
y|G68VD9296|yurumates3dei|Yurumates3Dei
y|GY19XDNQR|yuruyuri|YuruYuri
y|G68DV8D46|yuuna-and-the-haunted-hot-springs|Yuuna and the Haunted Hot Springs
z|GREXH8DQ2|zaion-i-wish-you-were-here|Zaion: I Wish You Were Here
z|GY2P5MW0Y|zapuni|Zapuni
z|GYXJPEW76|zo-zo-zombie|Zo Zo Zombie
z|GJ0H7QGQK|zom-100-bucket-list-of-the-dead|Zom 100: Bucket List of the Dead
z|GRJ0K7X5Y|zombie-land-saga|ZOMBIE LAND SAGA
z|G63VM99QY|zombie-loan|Zombie Loan
